id,make,model,year,VIN,color,price
1,Ferrari,599 GTB Fiorano,2008,1GKMCAE35AR792844,Green,9031.47
2,Suzuki,Forenza,2006,JM1BL1L32C1061232,Maroon,6247.44
3,Porsche,Boxster,2007,1G4GC5EC8BF970924,Green,2021.84
4,Subaru,Impreza WRX,2010,WBS3U9C59FP056525,Goldenrod,4810.08
5,Honda,del Sol,1996,1FTSW2B51AE492082,Violet,8879.71
6,Chevrolet,Venture,1999,WA1YD54B84N953784,Blue,1544.08
7,Chevrolet,Tahoe,2009,1N6BF0KX8FN997355,Khaki,6202.07
8,Suzuki,XL7,2008,1G6AY5S3XE0196492,Orange,7157.74
9,Volkswagen,Type 2,1985,1FTEX1CM3DF310892,Mauv,5904.28
10,Acura,Vigor,1994,WAUVC68E25A225647,Turquoise,2502.9
11,Ford,Crown Victoria,2010,3VWPG3AG1AM540847,Fuscia,7883.8
12,Chevrolet,Colorado,2006,WAULH54B91N400204,Fuscia,3012.77
13,Mitsubishi,Raider,2007,WAUDFAFC4FN002351,Orange,1922.54
14,Aston Martin,DBS,2008,WBAHN035X6D394231,Aquamarine,3149.04
15,Mazda,CX-9,2011,5TFCY5F11CX887574,Khaki,2858.61
16,Chevrolet,Express 3500,2002,1GYS3NKJ3FR633416,Goldenrod,2079.07
17,Chevrolet,Venture,1997,5N1CR2MM5EC249553,Blue,5152.29
18,Ford,Expedition EL,2007,1G6DP5ED9B0223861,Green,2960.43
19,Pontiac,Tempest,1961,SAJWA4DC5EM721788,Yellow,3600.7
20,Acura,RL,2004,WBA3X5C52FD563093,Teal,4031.33
21,Geo,Prizm,1995,19UYA42681A600321,Goldenrod,5133.34
22,Subaru,Legacy,1993,WDDEJ7GB3BA495798,Fuscia,1859.81
23,Hummer,H2,2004,WBAGL63474D862294,Blue,3163.94
24,Ford,Club Wagon,1997,WBAWR33599P432662,Fuscia,3598.03
25,GMC,Yukon XL 1500,2005,WAUEL94FX6N230217,Purple,7445.73
26,Ford,Escort,1995,1G6DU57V690905170,Blue,9972.65
27,Ferrari,F430 Spider,2006,SALVP1BG0CH741443,Maroon,3889.78
28,Jeep,Compass,2011,19UUB2F72FA819155,Red,9960.54
29,Scion,tC,2013,2C3CCAKT1CH503560,Crimson,2907.72
30,BMW,3 Series,2009,WA1AY74L27D169511,Red,5929.28
31,Chevrolet,Uplander,2007,WBAEV53445K145148,Khaki,9645.53
32,Audi,RS4,2008,5N1AR1NB2AC331619,Crimson,4091.16
33,Lexus,RX,2010,WAUMR94E28N942564,Turquoise,4260.88
34,Ford,Mustang,2004,1GYUKJEFXAR202186,Orange,9663.6
35,Toyota,Solara,2008,WAUDH78E87A449978,Indigo,3615.84
36,Mercedes-Benz,W201,1987,WBA3C1C59EK339138,Goldenrod,5368.0
37,Lexus,GX,2012,1D7RV1CP0BS422693,Turquoise,4324.1
38,Toyota,RAV4,1999,1G6AH5RX9E0579073,Violet,3602.13
39,Mitsubishi,Tundra,2009,WBAVL1C58DV131600,Teal,4897.32
40,Oldsmobile,Silhouette,1993,3CZRE3H5XBG423512,Teal,1609.3
41,GMC,Sierra Denali,2006,WAUKG58E25A711957,Indigo,1669.26
42,GMC,Sierra 1500,2004,WAULFAFR7EA604750,Orange,4966.22
43,Mazda,B-Series,1991,3D7JV1EP3BG702092,Teal,9542.2
44,Plymouth,Laser,1992,WAUKF98PX9A533572,Goldenrod,3600.99
45,Chevrolet,Corvette,1959,KMHCM3AC2AU859379,Mauv,5613.02
46,Ferrari,F430,2007,WP0AA2A99CS625449,Green,8508.14
47,Spyker,C8 Spyder,2004,WBAPH73529A046893,Mauv,1750.32
48,Honda,Pilot,2010,5TFBY5F11AX387780,Red,1229.92
49,Volvo,S80,1999,WBAKN9C52ED586803,Khaki,8456.46
50,Volkswagen,Golf,1997,JN8AE2KP9B9415803,Pink,6625.21
51,Chevrolet,Astro,1997,3MZBM1K75EM895595,Purple,2606.56
52,Ford,Explorer,2004,WAUJF78K79N309107,Turquoise,3621.79
53,Honda,Accord,1983,WAUPEBFM3CA932968,Yellow,3110.21
54,Pontiac,Grand Prix,1975,WAUHMBFC1EN063880,Indigo,2517.14
55,Chevrolet,Camaro,1980,WBAKX6C53CC788903,Fuscia,5582.49
56,Maybach,57,2010,1G6DP577470700730,Pink,1733.45
57,Ford,Explorer Sport Trac,2008,3N1AB7APXFL709102,Mauv,6883.0
58,Cadillac,STS-V,2006,WAUBFAFL8CN928948,Orange,8030.46
59,Volvo,XC70,2012,WBA3R5C57EK832158,Aquamarine,4060.87
60,Saab,9000,1992,WAUVT64BX2N326788,Teal,4876.81
61,Scion,xB,2010,1N6AD0CU1BC569252,Khaki,5484.93
62,Chevrolet,Express 2500,2010,WAUXL58E04A031488,Fuscia,1035.25
63,Ford,Bronco,1987,5UXFB93542L037956,Violet,4096.19
64,GMC,Yukon,2002,1FTMF1CW3AF044334,Turquoise,7372.73
65,Pontiac,G5,2008,SCFEDCAD6CG002359,Green,1628.29
66,Mercury,Grand Marquis,1985,WA1DGAFE5DD180834,Red,6039.92
67,Hyundai,Sonata,1998,WA1LFAFP7CA216314,Yellow,8286.53
68,Volkswagen,Fox,1989,JA4AS2AW2AZ921852,Crimson,7942.04
69,Pontiac,Grand Prix,1980,2C3CDYAG6CH341998,Turquoise,1146.63
70,Cadillac,Escalade,2006,WAUVC58E52A688212,Mauv,1966.44
71,Dodge,Dakota,2011,SCBDC3ZA9DC625445,Red,3662.33
72,Mercedes-Benz,SLK-Class,2004,WAUEF98E77A313203,Purple,8004.61
73,Lotus,Exige,2007,KMHEC4A43FA070595,Mauv,9719.7
74,Jeep,Patriot,2008,4T1BK1EBXFU068855,Mauv,2575.92
75,Mitsubishi,Outlander,2011,WA1BV74LX7D557406,Mauv,2570.13
76,Chevrolet,Astro,1993,3N1CN7AP5FL248455,Goldenrod,4133.14
77,Chevrolet,Corvette,1997,1HGCP2E30BA567038,Pink,7207.72
78,Lexus,GS,1998,1C4RDHEG2DC943172,Yellow,4810.22
79,Jeep,Liberty,2008,1G4HJ5EM5AU266998,Goldenrod,3582.74
80,Ford,E-Series,2003,3VW467AT0CM151811,Turquoise,8154.54
81,Mitsubishi,Chariot,1986,KNDJT2A28D7303533,Mauv,9003.89
82,Mazda,MPV,2006,WA1LKBFP0AA571355,Maroon,3129.57
83,Lincoln,MKS,2012,3N1CN7AP6EL003520,Puce,6752.71
84,Pontiac,Vibe,2010,3C6TD5NTXCG403704,Fuscia,3850.13
85,Volkswagen,Eurovan,1997,1N6AA0CC6CN364676,Puce,2727.57
86,Toyota,Supra,1992,4JGBB2FB9AA501581,Indigo,1789.15
87,Dodge,Neon,2000,WAUGFAFC3EN552779,Maroon,2235.57
88,Pontiac,1000,1986,1GYFC56299R573036,Goldenrod,9187.1
89,Eagle,Summit,1996,JA4AD3A31FZ729304,Pink,7584.7
90,Mazda,B-Series,1994,1G6YX36D075761170,Green,5563.21
91,Dodge,Stealth,1992,WA1AY74L08D262447,Yellow,7349.65
92,Infiniti,QX,2008,WBA6B2C5XED992670,Goldenrod,7590.93
93,Mercedes-Benz,E-Class,1989,1G6DK67V890500911,Pink,3951.18
94,Cadillac,CTS-V,2006,1G6AB5SA7F0034286,Puce,1434.21
95,Dodge,Ram 1500,2003,3VW217AU9FM437210,Red,7083.26
96,Chevrolet,Corvette,1965,1FTSW2A53AE347546,Red,1313.99
97,Ford,E-Series,2009,3TMJU4GNXAM169507,Green,5885.74
98,BMW,5 Series,1994,1N4AA5AP7EC612573,Goldenrod,5803.48
99,GMC,Savana,2010,5TDDCRFH8ES231226,Yellow,3225.8
100,Saab,9-5,2009,2HNYD2H31CH802827,Crimson,5087.69
101,Ford,Flex,2011,WAUKG98E86A908642,Indigo,7925.73
102,Dodge,Intrepid,1997,3D73Y3CLXAG453557,Orange,5903.24
103,Acura,RDX,2011,WUAW2BFC7FN591864,Khaki,8330.51
104,Ford,F-Series,1996,WAUSH94F48N575119,Purple,3122.62
105,Dodge,Journey,2009,JN8AZ1MU9CW172403,Mauv,7583.79
106,Chrysler,Voyager,2003,WAU4GBFBXAN686826,Pink,5768.42
107,Mazda,B-Series Plus,1993,WA1YD64B83N394919,Puce,1611.89
108,Subaru,Legacy,1991,WAUKD98PX6A037933,Fuscia,9396.16
109,Acura,RL,2006,1D7RB1CT0BS660419,Violet,2078.93
110,Chevrolet,1500,1996,5UXZV8C52CL787405,Teal,9706.86
111,Mitsubishi,Lancer Evolution,2011,YV1672MC5BJ577801,Fuscia,4654.19
112,Dodge,Ram 3500,2008,1G6DV8EP1D0602325,Mauv,5218.52
113,Saturn,VUE,2009,2T1KU4EE8BC959311,Red,2437.82
114,Cadillac,SRX,2004,KMHHU6KJ4FU648986,Fuscia,5463.85
115,Dodge,Ram 2500,2004,WBALL5C58EJ181419,Turquoise,7087.76
116,Hyundai,Elantra,2011,WAUFEAFM3CA941028,Teal,8708.64
117,Volvo,S40,2011,1ZVBP8JS0C5975847,Yellow,8449.97
118,Ford,Mustang,2003,SCFFDCBD3BG748639,Pink,3582.91
119,GMC,Safari,1995,5UXKR0C57F0646665,Fuscia,5959.65
120,Chevrolet,Aveo,2011,5UXFG8C59DL679426,Goldenrod,8552.49
121,Ford,F350,2011,JTHBE5C27B5322224,Green,4438.2
122,Jaguar,XK Series,2001,3N1BC1AP6AL226794,Yellow,7782.85
123,Chevrolet,Express 2500,2012,1G6DA5EY5B0778746,Fuscia,3380.38
124,Chevrolet,Silverado 1500,2003,WAUDFAFC0DN963400,Red,6277.51
125,Mitsubishi,Galant,2002,WBAEJ134X3A870924,Red,5968.95
126,Nissan,Pathfinder,2011,5N1AZ2MH4FN419529,Indigo,4786.88
127,Honda,Prelude,1996,WA1DVAFE2AD890985,Goldenrod,4855.36
128,Volkswagen,riolet,1993,2C3CA5CV8AH028192,Green,8363.17
129,Chevrolet,Malibu,2002,2G4G15GV8B9036419,Green,2553.62
130,Cadillac,CTS-V,2010,1G6DE5EG3A0445861,Khaki,5045.02
131,Infiniti,G,2003,WAUZL64B31N018572,Blue,2278.89
132,Volkswagen,R32,2004,WDDJK7DA9FF481355,Indigo,6552.63
133,Saturn,S-Series,1993,WDDLJ6HB1FA601798,Blue,5345.52
134,Mercedes-Benz,SLK-Class,1998,KM8NU4CC4BU442813,Orange,9664.62
135,Ford,Taurus,1996,JTHBF1D27F5227477,Indigo,3704.6
136,Kia,Sportage,2002,JH4KB2F67CC751043,Purple,3724.85
137,Mazda,Millenia,1995,JN8AZ2KR6BT145762,Green,2702.83
138,Pontiac,G6,2005,WBAEB5C56AC300045,Mauv,8829.31
139,Pontiac,Firebird,1967,1GD21XEGXFZ990059,Aquamarine,3132.81
140,Chevrolet,G-Series 3500,1997,1GYEE53A190229495,Crimson,2588.83
141,Ford,Mustang,1987,WAUHF98P78A914899,Aquamarine,6741.15
142,Toyota,Prius c,2012,3D73Y4EL3AG346787,Yellow,7631.39
143,Pontiac,G6,2010,WBABN53483J192351,Red,5654.8
144,Infiniti,G37,2010,1D4PT5GK6BW122374,Teal,1305.99
145,Audi,4000s,1986,3N1AB6AP1AL399330,Maroon,1600.07
146,Kia,Sportage,2012,1C4SDHCT2EC381552,Yellow,8917.61
147,Toyota,Matrix,2012,1D4PT7GX1AW020910,Turquoise,9981.76
148,Lincoln,Aviator,2003,JTHBL5EF5F5306793,Aquamarine,8798.56
149,Ford,Flex,2009,5J8TB3H51GL851212,Green,8265.34
150,Ford,Mustang,2006,WBA5B1C59FG088265,Fuscia,1900.28
151,Honda,Crosstour,2012,1G6DN57P790837086,Fuscia,6995.99
152,Volkswagen,Passat,2009,WA1VFAFL8EA769238,Blue,1156.22
153,Pontiac,LeMans,1968,WA1WMAFP8EA196581,Fuscia,9943.36
154,Ford,F-Series Super Duty,2008,1FBNE3BL5DD882525,Crimson,9402.91
155,Lincoln,Continental Mark VII,1986,1G6DL8ED9B0781173,Teal,6337.49
156,Nissan,Cube,2009,KM8JT3AB7DU992869,Teal,3803.94
157,Volvo,V40,2003,WAUHMAFC4EN790392,Pink,3726.33
158,Isuzu,Rodeo,1993,1FTNX2A52AE429438,Purple,6343.96
159,Volvo,740,1992,5FRYD4H91GB541151,Crimson,9560.82
160,Chevrolet,Lumina APV,1993,1N6AD0CU5CC632810,Pink,9791.7
161,Volkswagen,Golf,1984,1N4AB7AP2DN446779,Maroon,6424.46
162,Bentley,Continental GTC,2011,WAUKG74F76N099064,Violet,1459.62
163,Chevrolet,Suburban 2500,2005,2C4RDGCG9FR848535,Crimson,2297.12
164,BMW,325,2005,YV1612FH3D2521606,Orange,2823.37
165,Ford,Contour,1995,3GYEK62877G903929,Crimson,2312.31
166,Mercedes-Benz,R-Class,2006,1G6AX5S36E0012085,Turquoise,1312.55
167,Volkswagen,Type 2,1988,JN1AJ0HP1CM049405,Violet,1074.83
168,Honda,CR-V,2006,WBA3C3G52EN318152,Goldenrod,1804.92
169,Honda,Odyssey,1999,SCFAB22362K223833,Orange,1438.84
170,Suzuki,Esteem,1995,NM0GE9F75F1233249,Blue,1235.83
171,Lotus,Esprit,1992,WAULH64B61N038435,Green,6413.94
172,Volkswagen,Golf,1996,1FTEW1CM0CF767029,Indigo,4805.39
173,Mitsubishi,Chariot,1994,3FA6P0PU9FR268641,Fuscia,8631.15
174,Oldsmobile,98,1993,5TDBM5G11CS502106,Violet,5386.85
175,Hummer,H1,1997,1G6AP5SX7E0758953,Aquamarine,1252.04
176,Toyota,Avalon,1995,1G6DS8E32D0913302,Pink,7876.02
177,Lexus,GS,1993,WUADNAFG4AN111543,Indigo,2999.71
178,Volkswagen,Jetta,2004,WP0CA2A87AU604584,Aquamarine,5917.15
179,Dodge,Durango,2006,JHMZE2H54DS316322,Khaki,1096.66
180,Mazda,MX-5,1994,JH4KC1F58FC962013,Goldenrod,3204.36
181,Mitsubishi,Tundra,2009,2T3BF4DV7BW920341,Goldenrod,5320.6
182,GMC,Canyon,2004,SALAC2D4XBA546931,Yellow,6804.83
183,Porsche,968,1994,WP1AA2AP2AL625021,Yellow,9544.23
184,Chevrolet,Silverado 3500,2004,JHMZF1D42ES835181,Teal,4531.66
185,Land Rover,Discovery,2001,2T2BK1BA9DC607780,Purple,1554.24
186,Chrysler,300M,1999,1FTKR1AD8BP711751,Crimson,4542.8
187,GMC,Suburban 2500,1992,5UXZV4C55CL035660,Maroon,7006.69
188,Pontiac,GTO,1964,4A31K2DF8BE993209,Puce,5527.25
189,Chrysler,LeBaron,1992,WBA3A5C5XEJ579706,Goldenrod,6763.25
190,Chrysler,Pacifica,2006,3G5DA03E83S787015,Orange,2286.37
191,Acura,MDX,2006,KMHGH4JH7DU775229,Turquoise,9536.23
192,Porsche,Cayman,2008,19XFA1E83AE621642,Crimson,1064.11
193,Infiniti,G37,2008,KMHEC4A4XBA076808,Orange,3900.97
194,BMW,5 Series,2003,JHMFA3F22BS110720,Teal,9279.23
195,Chrysler,Sebring,1997,WA1CFBFP8DA501367,Goldenrod,5669.7
196,Oldsmobile,Bravada,2002,WA1CGAFE3DD621436,Red,9683.02
197,Mitsubishi,GTO,1996,KNADH4A36B6583228,Maroon,4929.64
198,Kia,Optima,2008,5N1AR1NBXBC620037,Goldenrod,5662.99
199,Hyundai,Genesis,2010,WBAEU33472P424373,Green,4194.97
200,Chevrolet,Express 3500,2011,YV4952CF3C1570137,Yellow,4550.7
201,Plymouth,Grand Voyager,1994,JH4DC53804S361759,Purple,9780.0
202,Toyota,FJ Cruiser,2010,WA1CFAFP0FA709417,Green,9199.79
203,MINI,Cooper Countryman,2012,JM1NC2LFXC0965655,Mauv,9610.71
204,Audi,80,1991,JH4DC54844S993503,Teal,4436.71
205,Chevrolet,Venture,2000,WA1WKAFP8CA733551,Blue,2823.34
206,GMC,Sonoma Club,1992,3D73M4CL7BG391845,Maroon,9613.39
207,Volvo,V70,2007,3N1CN7AP1FL205909,Indigo,6958.48
208,Volkswagen,Touareg 2,2009,WAUVT68E65A943508,Indigo,5072.61
209,BMW,550,2006,4T1BD1FK2EU995811,Aquamarine,7738.59
210,Buick,Riviera,1997,JTHBE5C24D5205882,Pink,7236.13
211,Suzuki,Swift,2001,JTHBP5C26A5573213,Red,2469.74
212,Kia,Sedona,2002,1G6DN56S650224537,Mauv,7838.5
213,Volkswagen,rio,1998,WBADN63463G908322,Red,3430.62
214,Toyota,Prius Plug-in,2012,WAUDGAFL1DA589531,Green,8233.19
215,Nissan,Maxima,1999,1FTWX3A56AE511344,Red,6163.18
216,Land Rover,Freelander,2002,3D73Y4CL2AG400857,Fuscia,1243.31
217,GMC,Envoy,2006,JN8AZ2NC0C9999183,Blue,9208.77
218,Ford,Festiva,1989,JTHKD5BH2D2315940,Teal,8440.86
219,Maserati,Quattroporte,2010,3VWJX7AJ3AM673098,Yellow,5630.15
220,Jeep,Compass,2008,1N6AA0CJ8FN117064,Pink,4049.8
221,Porsche,944,1983,WBA3C3C52FK722996,Fuscia,5590.23
222,Chevrolet,Suburban 1500,2002,3N1CN7AP8DL318947,Blue,9464.58
223,Mercedes-Benz,CL-Class,2004,SCFFDCCDXCG115474,Fuscia,9454.05
224,Toyota,Previa,1992,KMHHU6KJ0FU114688,Purple,6909.25
225,Nissan,Titan,2011,1N4AA5AP2DC099148,Blue,9423.48
226,Lincoln,Navigator,2000,3D7JB1EPXAG404954,Puce,8225.28
227,Volkswagen,Scirocco,1986,1GYS3AEF0BR621623,Khaki,2560.37
228,Honda,Accord,1996,1N6AF0KXXFN828594,Crimson,1405.64
229,Infiniti,G35,2006,1C3CDFAA6FD254491,Fuscia,5597.82
230,Mitsubishi,Pajero,1988,1G6KD57YX9U156321,Yellow,3549.75
231,GMC,1500,1998,WBA3B5G55FN638551,Fuscia,3837.89
232,Nissan,Pathfinder,2001,1N6AA0CC6DN410945,Goldenrod,1504.99
233,Jeep,Liberty,2009,WAUEV94F57N630584,Turquoise,2911.28
234,Ford,Taurus,2012,5UXFH0C53BL321007,Purple,6885.4
235,Nissan,240SX,1997,WBANA53545C213429,Aquamarine,3118.9
236,Mitsubishi,Galant,2003,4A4AP3AU5EE779403,Khaki,9703.19
237,Pontiac,Bonneville,1996,4T1BF1FK3EU485963,Yellow,6564.92
238,Buick,Century,1988,WBADT63441C787977,Fuscia,6493.6
239,Hyundai,Tiburon,2005,KNDJT2A29D7041862,Fuscia,9062.27
240,Pontiac,Solstice,2009,WVGAV7AX1CW471632,Violet,5782.15
241,Ford,Flex,2010,3GYFNGE31DS987840,Mauv,1272.6
242,Mercedes-Benz,SLS-Class,2011,1G4CU541454755942,Blue,1126.6
243,Isuzu,Rodeo,2004,JN8AF5MR9CT196052,Blue,4596.78
244,Hyundai,XG350,2005,1D4PU7GX8AW084780,Violet,8186.11
245,CitroÃ«n,SM,1972,1VWAH7A36EC988824,Goldenrod,1893.38
246,Pontiac,Montana,2005,1D4PU7GX8AW910415,Indigo,1125.87
247,Chrysler,Sebring,2009,WAUGVAFR0CA500179,Indigo,4877.17
248,Toyota,Avalon,2006,WP0CA2A82BS710955,Crimson,7593.94
249,Honda,Civic,1989,JN8AF5MR8CT162989,Violet,3485.71
250,Isuzu,Rodeo,1998,1GYUCAEF4AR049222,Indigo,8632.39
251,Suzuki,Aerio,2002,WA1DGBFE5CD574788,Orange,2025.21
252,GMC,Vandura G1500,1995,WAUNF98P47A294871,Aquamarine,9343.51
253,Chevrolet,Camaro,1997,SCFAD02A35G050423,Aquamarine,5980.21
254,Dodge,Stratus,2001,WVWGD7AJ9EW516798,Fuscia,4823.25
255,Lexus,GX,2009,WBA3D5C50EF760663,Violet,5180.42
256,Acura,Integra,1999,2G4WB52K711017976,Goldenrod,8535.04
257,Pontiac,Daewoo Kalos,2005,WBA3B3C5XEF434721,Crimson,9765.03
258,Lincoln,Navigator,2009,JTMHY7AJ5A4069871,Khaki,9120.38
259,Isuzu,Trooper,1995,3GYT4LEFXBG846113,Turquoise,9862.17
260,Ford,Windstar,1997,KMHGC4DD7EU780777,Purple,2954.58
261,Volvo,V50,2010,YV1982BW5A1415687,Green,5656.71
262,Chevrolet,Corvette,1968,WA1MKAFP3AA392385,Puce,8542.25
263,Chevrolet,Venture,2001,WAUFFAFC8EN155290,Pink,2237.63
264,Chevrolet,2500,1999,3D73Y4HL1BG157357,Puce,8717.89
265,Chrysler,New Yorker,1996,JN1BJ0HR2FM932052,Aquamarine,6467.86
266,GMC,Envoy,2007,WP0AA2A86FK241625,Blue,4340.38
267,Ford,Excursion,2003,1G6AH5SX2D0374638,Yellow,5352.99
268,Ford,F150,2001,KMHHT6KD7AU276551,Violet,5115.49
269,Bentley,Continental,2012,3FADP0L37AR573763,Green,9026.18
270,Mercedes-Benz,S-Class,1989,WA1YD54B75N636340,Purple,5441.71
271,Toyota,Matrix,2006,2G4WF551741766613,Aquamarine,8844.63
272,Honda,Civic,2000,4T1BD1FK9EU069602,Purple,6979.48
273,Toyota,Tacoma,1997,JN8AF5MR2ET352502,Goldenrod,8670.89
274,Lamborghini,Gallardo,2008,3C4PDCDG7FT191021,Yellow,9170.67
275,Land Rover,LR4,2010,JTHBE5C24C5104923,Crimson,6925.39
276,Kia,Sephia,1999,WAUVC68E83A028785,Khaki,2794.87
277,GMC,Suburban 2500,1995,5TFCW5F11CX333747,Green,3500.64
278,Chevrolet,3500,1994,WBA3K5C51EK328452,Goldenrod,9348.87
279,Lincoln,Mark VIII,1998,WAUWFAFR8CA579271,Turquoise,2614.1
280,Toyota,4Runner,2010,1G6DP8EVXA0144241,Maroon,2743.72
281,BMW,Z4,2004,1C3CDZEG4CN427110,Yellow,9533.59
282,Chevrolet,Monza,1975,1G6DN8EV7A0150438,Goldenrod,6833.94
283,Bentley,Continental Flying Spur,2006,WAU4FAFL7AA866603,Red,3242.7
284,Mitsubishi,Mighty Max,1992,KMHFC4DF1AA278677,Fuscia,9577.93
285,Ford,Fusion,2008,KNAFX6A84E5132800,Red,8677.49
286,Dodge,Charger,2011,KNDPB3A2XC7625608,Khaki,2976.47
287,Maserati,Coupe,2005,KNDPB3A28C7452381,Violet,2296.8
288,Ford,Taurus,1991,1FBNE3BL0ED035879,Fuscia,4773.88
289,Ford,Ranger,2006,1G6DW6ED8B0441430,Blue,7431.41
290,Buick,Skylark,1994,WBADR63472G621168,Mauv,1344.24
291,Suzuki,Kizashi,2010,JH4CU4F46BC659204,Turquoise,6565.0
292,Pontiac,Sunfire,2003,2G4GK5EX3F9155504,Mauv,7000.01
293,Pontiac,Grand Prix,1998,1G6DM8ED3B0186591,Blue,7861.53
294,Mercedes-Benz,300TE,1993,3C4PDCDG4CT453525,Aquamarine,1362.47
295,Plymouth,Reliant,1981,1N4AB7AP2DN189798,Puce,6609.37
296,Chevrolet,Cobalt SS,2007,1G4PP5SKXE4496829,Violet,1499.64
297,Chevrolet,Malibu,2012,19UYA42573A743660,Violet,7934.94
298,Infiniti,FX,2009,3GYT4NEF0DG973368,Maroon,7143.46
299,Honda,Odyssey,2006,WAULV44E17N637727,Yellow,3390.94
300,Mazda,B-Series,2009,5N1AT2ML7FC572777,Blue,9520.04
301,BMW,7 Series,2009,KMHTC6AD4CU321301,Orange,2620.32
302,Dodge,Durango,2005,JTDBT4K35B4965754,Yellow,1484.62
303,Nissan,Xterra,2011,JH4CL95904C132209,Pink,4557.51
304,Cadillac,Escalade EXT,2004,JTDZN3EU1D3434244,Fuscia,2223.02
305,Chevrolet,Caprice Classic,1993,5GALRCED9AJ961466,Orange,1745.09
306,Nissan,Titan,2004,KMHHT6KD9DU820942,Turquoise,2618.15
307,Hyundai,Accent,1998,WBANE53507C358054,Turquoise,1349.58
308,Mazda,Tribute,2005,WAUXF78K89A569095,Yellow,3291.51
309,Infiniti,M,2009,1C4SDJCT6CC270667,Goldenrod,2204.17
310,Chevrolet,Cavalier,1992,1G6YX36D495300699,Goldenrod,6806.24
311,Isuzu,i-350,2006,SALGS2EF8EA830625,Indigo,5221.85
312,GMC,Yukon,2011,WBAVB73588F173979,Blue,7978.85
313,GMC,Savana 2500,1998,1G6DU6EV1A0446062,Blue,6664.2
314,Bentley,Continental,2010,1G6DJ8EG2A0075838,Teal,8451.89
315,Saab,9000,1987,WBA3V7C56EP975435,Green,2755.3
316,GMC,Jimmy,1992,5N1AA0NE9FN439047,Blue,6592.13
317,Nissan,Pathfinder,1994,KMHHT6KD2DU509935,Orange,1792.26
318,Kia,Spectra,2001,1G4HR54K01U286567,Purple,2330.82
319,Pontiac,Vibe,2009,1G6DX67D360198822,Red,4930.28
320,GMC,Jimmy,1993,2C3CDZFJ9FH706219,Teal,1475.41
321,Lincoln,MKX,2011,NM0AS8F71E1376688,Mauv,6063.29
322,Porsche,911,2007,WBAKG7C5XCE967322,Indigo,6099.41
323,GMC,Yukon XL 2500,2004,1FTEW1C89AK694704,Blue,7852.44
324,Suzuki,Esteem,2001,1G6DV5EP6D0297791,Orange,6562.85
325,Hyundai,HED-5,2012,5UXKR2C53E0510074,Violet,8371.7
326,Chrysler,Concorde,2002,JM3ER2A58B0250467,Green,8805.77
327,Volvo,S40,2006,1C6RD6LPXCS565704,Crimson,1572.96
328,Ford,Explorer Sport Trac,2002,WBAAX13403P412206,Mauv,9969.36
329,Dodge,Dakota Club,1993,KMHTC6AD7DU566367,Orange,9545.79
330,Buick,Special,1962,1GYS4CEF2CR887509,Blue,2582.63
331,Mitsubishi,Eclipse,1989,SALME1D41BA319208,Yellow,2698.66
332,Volvo,740,1992,1N4AB7AP4EN363632,Orange,3099.94
333,Chevrolet,Cruze,2013,SAJWA4GC9EM030646,Turquoise,1675.03
334,Land Rover,Range Rover Sport,2009,WAUR4AFD7CN860316,Blue,5497.43
335,Dodge,Ram Van B150,1992,3VW507AT6FM921083,Orange,4979.14
336,Dodge,Stratus,2004,WBAKG1C58CE870830,Yellow,9929.42
337,Suzuki,Grand Vitara,2011,2C3CCAEG9EH408438,Maroon,4737.1
338,Chevrolet,Express 3500,2005,1GYS3MKJ9FR444439,Maroon,1982.6
339,Ford,Explorer Sport,2000,WAUVC58E54A606420,Blue,7032.02
340,Saturn,Relay,2005,WAULC68E32A141341,Goldenrod,8020.51
341,Buick,Skylark,1991,5FRYD3H81FB314946,Red,3245.81
342,Cadillac,DeVille,1992,4JGDA2EB7DA791157,Crimson,8631.21
343,Volkswagen,Passat,2002,WAU3FAFR6DA656336,Red,9277.01
344,Toyota,Tacoma,2012,2LMDJ6JK2CB170767,Mauv,6917.61
345,Audi,S4,2013,1N4AA5AP9CC009895,Green,8141.91
346,Ford,Crown Victoria,2006,WA1LGAFE2ED676784,Puce,2080.63
347,Isuzu,Space,1992,5TFCY5F19BX800602,Pink,1758.8
348,Oldsmobile,Aurora,2002,SCFAD01A45G400725,Violet,2105.68
349,Buick,Park Avenue,1991,WBAYE8C50FD937570,Blue,2734.3
350,GMC,Suburban 2500,1999,WP0AA2A96CS016674,Crimson,5764.34
351,Volvo,940,1994,JN1EY1AP1EM040624,Turquoise,1807.19
352,Suzuki,SX4,2012,WAUJC58E23A570618,Yellow,6188.9
353,Oldsmobile,Bravada,1998,1FMJK1G53AE798884,Teal,8152.06
354,Lincoln,Continental,1990,1G6KF57985U599466,Teal,9281.12
355,GMC,Savana 3500,2001,3D73M3CL9AG694845,Crimson,8276.96
356,Volvo,V50,2007,JTEBU4BF3CK123012,Indigo,4351.93
357,Hyundai,Accent,2004,1FTWF3C56AE654987,Teal,8269.03
358,BMW,3 Series,2003,WAULV94E98N574908,Maroon,2082.03
359,Chevrolet,Citation,1980,2LMHJ5ARXAB422108,Turquoise,8259.89
360,Mercedes-Benz,C-Class,2012,1G6DK67VX90962452,Mauv,4084.71
361,Mercury,Mountaineer,2008,WAUGL98E65A607819,Crimson,5931.74
362,Nissan,Sentra,1992,1N4AB7AP7EN259491,Green,2091.48
363,GMC,Savana,2012,1GTN1TEX6BZ239206,Violet,4380.82
364,Porsche,Cayman,2007,1GTN1TEX7DZ927170,Red,4315.48
365,Mercedes-Benz,SL-Class,1992,5FRYD4H20GB280517,Pink,4826.12
366,GMC,Yukon,2008,2C3CA1CVXAH511658,Aquamarine,6454.54
367,Chrysler,Sebring,2009,WAUHF98P77A264812,Turquoise,4875.67
368,Acura,TL,2005,SAJWA1CB3CL093627,Aquamarine,3950.38
369,Subaru,Impreza,2002,WA1LMAFE6CD077652,Maroon,2844.07
370,Infiniti,QX,2012,3N1BC1APXAL176594,Indigo,5858.74
371,Dodge,Challenger,2012,WAUUL68E35A611781,Puce,7354.03
372,Lexus,ES,1993,WAUEKAFB4AN276780,Crimson,3200.58
373,BMW,M3,1995,WBABS53401J699265,Indigo,1779.33
374,Dodge,Ramcharger,1992,WBAVM5C52FV096835,Purple,9192.37
375,Lamborghini,Diablo,1995,WBAPH73509A827623,Red,2477.91
376,Chevrolet,Monte Carlo,1996,WAUED54BX1N615806,Red,9318.73
377,Mazda,Mazda6,2006,4JGBF2FE2BA899331,Green,8500.62
378,Cadillac,STS,2011,1FTEX1CM0DK627245,Aquamarine,5496.16
379,Chevrolet,Silverado 1500,2011,1G4GH5G39DF976331,Purple,8935.83
380,Lexus,ES,2000,JN1CV6FE2FM395565,Red,5932.62
381,Porsche,911,2000,JH4DC53862C124975,Maroon,3064.14
382,Nissan,Rogue,2010,KMHGH4JF1BU326429,Turquoise,8747.58
383,Chevrolet,Express 1500,1997,JM1NC2EF5A0043577,Mauv,9443.4
384,Volkswagen,Jetta,2000,YV1902FH7D1080083,Crimson,6785.08
385,Toyota,Camry,2012,WBA3G7C58FK104075,Red,7474.17
386,Audi,90,1989,1HGCR2F3XDA307001,Teal,6396.15
387,Volkswagen,New Beetle,2000,5J8TB18257A158181,Teal,9048.59
388,Toyota,Highlander,2007,WA1CMBFPXEA558290,Yellow,2713.76
389,Ford,Probe,1994,1VWAH7A38EC398687,Teal,3422.55
390,Acura,Vigor,1994,1G6DS5ED6B0003091,Pink,2982.77
391,Porsche,Panamera,2010,WBADX7C54DE356356,Aquamarine,7148.48
392,Chevrolet,Express 1500,2011,1G6YV36A985190114,Puce,3630.43
393,Toyota,Camry Hybrid,2009,WBADS43461G584895,Orange,8282.93
394,Audi,S4,1994,WBA5B3C54FD063254,Crimson,3790.9
395,GMC,Yukon,2008,WAU4FAFL6CA915163,Violet,4681.25
396,Pontiac,Grand Prix,2001,1GD12ZCG9CF674365,Pink,4914.62
397,Subaru,Legacy,2006,WAUSG94F89N283770,Indigo,2849.57
398,Lincoln,Zephyr,2006,WBADX7C5XCE154099,Pink,7128.42
399,Kia,Rio,2001,WBA3A5C55CF763841,Goldenrod,2822.22
400,Subaru,Outback Sport,2002,WDDEJ7KB4BA545986,Blue,6981.35
401,Ford,Contour,1997,WAUDF98E66A648365,Blue,6715.17
402,Mazda,Tribute,2010,19XFA1F32BE633964,Khaki,1987.56
403,Aston Martin,DBS,2008,1GTN1UEH9EZ788675,Teal,9953.54
404,Audi,90,1990,5LMJJ2H51BE273069,Mauv,6113.11
405,Mercury,Tracer,1995,WBA1J9C54FV048882,Puce,8674.78
406,Aptera,Type-1h,2010,3FA6P0SU6DR658701,Khaki,6630.65
407,Toyota,Sequoia,2006,WAUJT54B74N907287,Maroon,6130.96
408,Aston Martin,V8 Vantage,2009,1ZVBP8AM7E5610151,Khaki,5401.24
409,Pontiac,Grand Prix,1973,3C63D2JL7CG548543,Orange,8274.82
410,BMW,6 Series,2004,WAU2MAFC0FN204908,Puce,7616.44
411,Mercedes-Benz,CLK-Class,2001,JN1CV6AP7DM436293,Khaki,2918.38
412,Mercedes-Benz,S-Class,2003,2C3CDXFG0DH524026,Khaki,6439.47
413,Audi,80,1991,WBA3B5C54FP708504,Puce,2307.37
414,Chrysler,Town & Country,2012,SCFAB02A87G863362,Purple,6761.51
415,Ford,Explorer,1995,YV4952BZ5E1903808,Puce,9451.44
416,BMW,Z4,2012,1HGCR2E59EA513267,Yellow,6525.61
417,Volvo,C30,2008,3VW467AT3CM097632,Blue,7511.67
418,Toyota,Land Cruiser,2003,1NXBE4EE0AZ769044,Khaki,3428.73
419,Suzuki,Vitara,2002,WAUHFAFL5FN852474,Teal,4793.9
420,Aston Martin,Rapide,2010,WDDHF7GB5EA364617,Aquamarine,8664.81
421,Audi,S8,2008,WBAYA6C59DD417736,Pink,2836.99
422,Ford,Crown Victoria,1999,3C4PDCBB9DT973132,Purple,8817.6
423,Ford,F250,1998,TRUWC28N821211477,Crimson,1694.4
424,Chevrolet,Corvette,2010,19UUA656X4A546031,Turquoise,8680.73
425,Subaru,Brat,1984,WBA3B5C51EF202035,Mauv,8508.66
426,Oldsmobile,Cutlass,1998,2C3CA2CV5AH934606,Red,1730.6
427,GMC,Savana 1500,2011,1N6AA0CAXCN427700,Violet,7702.1
428,Mitsubishi,Chariot,1995,5J6TF2H58EL383337,Violet,8360.95
429,Toyota,T100,1997,1G6KD5E67BU986116,Khaki,8404.81
430,Chevrolet,Silverado 2500,2009,2HNYD28448H601679,Puce,1764.62
431,Chrysler,Town & Country,1999,3N6CM0KN3EK733912,Khaki,6344.36
432,Hummer,H1,2006,WAUML54B13N371044,Mauv,7733.97
433,Volkswagen,Jetta,2007,5J6TF2H55FL226673,Crimson,5121.28
434,Cadillac,DeVille,2001,1FTWF3B57AE342887,Yellow,9326.33
435,Kia,Sportage,1998,WA1EV94LX7D426694,Puce,5285.34
436,Alfa Romeo,Spider,1992,1G6DP8ED8B0523666,Fuscia,6318.27
437,Buick,Regal,1996,WA1AY94L08D431829,Indigo,6068.42
438,Mazda,MX-5,2003,1GYUCGEF3AR127590,Red,1904.47
439,Mercedes-Benz,CLK-Class,2006,4A31K2DF8BE709612,Khaki,5610.13
440,Bentley,Brooklands,2010,1VWAH7A30DC077824,Turquoise,7992.66
441,Buick,Lucerne,2010,WBA3C3C56EK332157,Blue,4606.67
442,Volkswagen,Cabriolet,1986,5XYKT3A64FG992277,Orange,3825.29
443,Chevrolet,Caprice,1992,WVGEF9BP1DD442816,Purple,1582.91
444,Kia,Sephia,1999,WAULT64B23N875846,Teal,4698.32
445,Chevrolet,Corvette,2000,YV4852CZ5A1007478,Fuscia,9950.53
446,Mazda,Familia,1988,WAUGFAFR9DA611019,Khaki,4540.2
447,Volkswagen,Eos,2009,JH4DC54803C333337,Maroon,4739.55
448,Audi,80,1992,1D7RB1CT4BS084754,Aquamarine,7707.8
449,Ford,Thunderbird,1972,WDBWK5EA7BF569915,Goldenrod,5757.08
450,Ford,E-Series,1988,1GYEE637X70618126,Crimson,1975.09
451,Ford,Ranger,1984,5GAER13D39J686740,Blue,7869.65
452,Audi,A6,2004,4A31K2DF2BE480456,Red,5113.33
453,Maserati,Coupe,2006,WBAWL7C56AP987064,Fuscia,5378.85
454,Aptera,2e,2009,SALVP2BG6FH473234,Purple,1934.75
455,Buick,LeSabre,1997,19UUA76517A261265,Yellow,6916.87
456,Suzuki,Daewoo Magnus,2006,3D73Y4HL3BG837213,Teal,1295.49
457,Plymouth,Voyager,1994,WBSBR93493P794910,Purple,9481.12
458,Chrysler,Sebring,2009,1GYS4FEJ8BR833281,Puce,2947.33
459,GMC,3500,1997,W04GP5EC3B1497806,Blue,6316.76
460,Porsche,911,2001,WA1LGBFE6BD266345,Purple,1710.4
461,Ford,Taurus,1998,5N1AN0NU1AC491157,Pink,9157.22
462,Toyota,Celica,1999,WAUHGBFC4DN013643,Goldenrod,1545.97
463,Cadillac,Escalade,1999,3N1CN7AP3EK721788,Mauv,9700.89
464,Honda,S2000,2008,WAUHF78P18A474098,Goldenrod,5272.29
465,Ford,Fusion,2012,WBABW53436P454498,Crimson,7704.92
466,Ford,Club Wagon,1992,WBAKF3C52CJ998146,Puce,9550.84
467,Toyota,Avalon,2009,1FTSX2B56AE891583,Goldenrod,2479.69
468,Buick,Skylark,1986,WAUVC68E05A556355,Maroon,2265.79
469,Chevrolet,Corvette,1985,2HKRM3H3XDH746010,Fuscia,6988.59
470,Chevrolet,Suburban 2500,2001,1D4SE6GT2BC229216,Puce,2487.41
471,Chevrolet,Aveo,2011,JA32X2HU7EU896982,Mauv,9796.61
472,Porsche,911,2011,5UMDU934X7L403609,Orange,5005.47
473,Kia,Spectra,2000,JN8AF5MR3DT438707,Maroon,7531.24
474,Dodge,Ram Van 1500,1997,1G6YV36A675365160,Violet,5277.03
475,GMC,Savana,2007,2T1BURHE9EC092093,Mauv,3623.23
476,Ford,Mustang,1995,19UUA9F73DA313679,Khaki,9146.0
477,Infiniti,J,1994,5FPYK1F24CB995858,Blue,7530.35
478,Nissan,Maxima,1998,WAUXU54B13N028485,Turquoise,6703.09
479,Dodge,Grand Caravan,2008,5NPDH4AE3BH235588,Goldenrod,2850.34
480,Mitsubishi,Diamante,2004,KNDPB3AC2F7207749,Maroon,2413.17
481,Buick,Roadmaster,1996,WAUVT68E44A219654,Violet,9608.8
482,Pontiac,Solstice,2009,JN1AZ4EH7AM384274,Mauv,4723.5
483,Buick,Regal,1992,SAJWA4GC6EM561559,Puce,1968.17
484,Jaguar,XJ,2009,1GYS4DEF2DR163715,Red,6666.65
485,Toyota,Sienna,2004,JN8AF5MR7ET172769,Orange,7539.84
486,Honda,Civic,1999,JH4DB76581S763220,Mauv,6685.86
487,Toyota,TundraMax,2010,WA1WKBFP5BA905250,Red,8792.62
488,Pontiac,Solstice,2008,WAUNF98PX6A393418,Violet,9248.3
489,Audi,A8,2011,WAUKH98E06A564902,Crimson,1090.64
490,Nissan,Quest,1997,3D73Y3CL0AG431941,Maroon,6699.02
491,Ford,F150,1995,1G6KY54912U395716,Blue,2591.68
492,Porsche,911,2000,2B3CK3CV1AH821204,Fuscia,1719.99
493,BMW,7 Series,2003,1N6AD0CU3AC313967,Aquamarine,5099.47
494,Dodge,Charger,2007,SCFEFBBC3AG597467,Red,3904.91
495,Ford,F350,1992,5N1CR2MM7EC266371,Turquoise,9684.92
496,Honda,CR-V,2009,1FTEX1EW7AF389364,Puce,9789.29
497,Volkswagen,Golf,2003,1N6AA0CJ2FN246613,Violet,5702.4
498,Saab,9-3,1999,WAUEF78E56A377291,Purple,9309.38
499,Ford,Escape,2006,4T1BK1EB4EU202807,Crimson,3162.97
500,Jeep,Grand Cherokee,1994,JTEBU4BF1DK145947,Blue,6271.21
501,Volkswagen,Touareg,2007,WAUDV74F07N464958,Green,7207.71
502,Shelby,GT350,1969,WA1CMAFE1AD595875,Teal,9553.17
503,Ford,Tempo,1985,3FA6P0LU3DR455134,Aquamarine,5633.54
504,Geo,Tracker,1996,KM8NU4CC5BU372884,Aquamarine,1922.97
505,Oldsmobile,Silhouette,2000,WAUCFAFHXCN625203,Mauv,2509.48
506,Ford,Mustang,2002,3N1AB6AP7AL183109,Goldenrod,2885.12
507,Kia,Sedona,2010,5J8TB3H75GL476250,Turquoise,7547.31
508,Acura,RL,2010,3D7JB1EK0AG612894,Aquamarine,1695.35
509,Toyota,Camry,2012,JN8AF5MR6DT187391,Violet,2333.26
510,Ford,E250,2010,1N6AF0LX8FN802493,Fuscia,8538.53
511,Honda,Prelude,1993,WBA3T3C56EP670855,Puce,2135.66
512,Mazda,MPV,2000,1C3CDFCB9ED369610,Pink,5658.63
513,Mercury,Mountaineer,1997,WBSDX9C57DJ897822,Goldenrod,2454.53
514,Volkswagen,Touareg,2006,WBAKF3C59CJ954483,Violet,2751.73
515,GMC,Rally Wagon 2500,1992,WBAGN83414D066761,Yellow,2297.55
516,Jeep,Grand Cherokee,2010,WBAUL73519V625612,Pink,4315.75
517,Volkswagen,GTI,2010,JTEBU5JR7C5547048,Khaki,5381.08
518,Infiniti,EX,2010,3C3CFFJH7DT713915,Orange,5729.53
519,Cadillac,CTS-V,2009,WA1C8AFP9EA854870,Goldenrod,4866.69
520,Honda,Accord Crosstour,2011,1FTWX3B52AE031929,Goldenrod,8879.15
521,Chevrolet,Suburban 2500,1996,WA1YD54B12N293102,Turquoise,9638.48
522,Suzuki,Grand Vitara,2009,JTDKDTB33F1637196,Red,8092.15
523,Honda,Accord Crosstour,2011,WAUVT68E75A624084,Pink,8609.86
524,Chevrolet,Corvette,2004,WBS3U9C52FP902445,Yellow,3916.76
525,Mazda,626,1997,WBAET37493N136025,Turquoise,9965.71
526,Kia,Sorento,2003,1FTEX1CM9DF875406,Puce,5839.91
527,Mercedes-Benz,SL-Class,1992,3G5DA03E73S514003,Maroon,8830.87
528,Dodge,Ram Van 1500,2002,5BZBF0AA0FN404104,Aquamarine,9172.71
529,Mazda,Tribute,2004,5GAKRDED5CJ279348,Yellow,6424.0
530,Dodge,Ram 2500,2003,1N6AA0CC0FN658319,Puce,9418.89
531,Lincoln,MKT,2012,JTEBU5JR9E5392232,Goldenrod,4511.41
532,Ford,E-Series,2007,1GYEC63N95R451626,Aquamarine,7821.32
533,Ford,Model T,1909,WAUBFAFL2CN438005,Pink,7847.52
534,GMC,3500,1998,WAUJGAFDXFN180905,Fuscia,6325.51
535,Bentley,Continental Super,2011,JN8AZ2KR3CT648151,Crimson,6510.22
536,Mitsubishi,Starion,1987,JHMZE2H3XBS868001,Fuscia,4754.04
537,Saturn,VUE,2008,3D7LP2ET2AG924546,Turquoise,6348.1
538,Suzuki,Grand Vitara,2012,3N1CN7AP9FL354553,Puce,5595.27
539,Chevrolet,Suburban 2500,1996,JTDKN3DU1F0301071,Indigo,8657.47
540,GMC,Jimmy,2001,JM1DE1KYXE0760245,Goldenrod,2758.72
541,Volkswagen,New Beetle,1999,2G4WD582571414614,Yellow,4199.05
542,Daewoo,Nubira,2002,5TDBCRFH3FS312126,Green,7426.14
543,Chevrolet,Corvette,1989,2G4WC552561539280,Turquoise,7954.38
544,Chevrolet,Vega,1971,3VW4S7AT7EM938379,Maroon,1731.96
545,Dodge,Ram Van B150,1992,WDCGG0EB7FG119954,Purple,5553.53
546,Toyota,RAV4,1997,KNDJN2A26F7504795,Indigo,2089.59
547,Infiniti,G,2001,1G4HR54K72U966127,Orange,4474.8
548,Mazda,Miata MX-5,1996,2C3CDZAT5FH289030,Yellow,6936.76
549,Mazda,B-Series,2004,3GYFK66N24G592362,Aquamarine,4887.61
550,Ford,Bronco,1990,19UUA75548A490817,Teal,6903.06
551,Saab,900,1997,YV1952AS7E1520518,Orange,3317.22
552,Pontiac,1000,1985,JN1AZ4EH0FM374435,Violet,1446.39
553,Volkswagen,Touareg,2008,JM1GJ1T68F1517423,Turquoise,9615.87
554,Subaru,Legacy,1999,1G6DV8EP0B0901978,Turquoise,1321.54
555,Audi,S8,2008,5N1AN0NU4FN658218,Pink,9278.85
556,GMC,Vandura 3500,1994,ZHWGU5BZ5AL856610,Turquoise,4253.63
557,Mercedes-Benz,R-Class,2009,1G6AB5SXXF0679938,Goldenrod,2882.3
558,Mercury,Cougar,1994,WUATNAFGXEN278684,Crimson,9900.11
559,Toyota,Corolla,2004,3D73Y4HL5BG257557,Puce,1834.84
560,Saab,9-5,2003,5YMGY0C51AL682229,Goldenrod,3448.16
561,Chevrolet,Sportvan G20,1995,JHMFA3F24BS498758,Fuscia,4604.4
562,Ford,Mustang,1969,4T1BF1FK5EU298904,Goldenrod,5640.39
563,Mazda,B-Series,2004,5TDBK3EH6CS914743,Puce,8702.33
564,Hyundai,Accent,1997,KNADM5A38F6621209,Teal,3569.56
565,MG,MGB,1977,WAUEH98E76A229035,Aquamarine,6288.58
566,Toyota,T100,1996,JM1CW2BL9D0203098,Khaki,6152.92
567,Ford,E350,2010,KNADM5A35D6886666,Indigo,4041.19
568,Volvo,S80,2007,WAUDH98E17A598244,Goldenrod,5504.22
569,Pontiac,Grand Prix,1995,WVWGU7AN6BE436492,Pink,4099.84
570,Chevrolet,Express 3500,2002,SAJWA8JH9EM131763,Mauv,7722.14
571,Mitsubishi,Galant,2000,2G61R5S33E9909347,Khaki,5996.67
572,Ford,Expedition,2012,WBAYG0C59DD379341,Maroon,6714.05
573,Chrysler,Grand Voyager,2000,WA1CFBFP3CA151001,Crimson,2467.35
574,Chevrolet,Avalanche 1500,2003,WAULC68E63A585105,Green,8866.12
575,Toyota,Tacoma,1999,1GTN1TEH4FZ497089,Orange,6993.29
576,Cadillac,Seville,1992,1G6DV1EP8D0184353,Fuscia,4929.56
577,Mitsubishi,Challenger,1999,WAUTFAFH0CN358797,Khaki,1728.89
578,Audi,Q5,2009,2C3CCAXJ4DH912290,Puce,8768.85
579,Volvo,XC70,2008,KMHGH4JH2EU964503,Pink,8438.91
580,Mazda,MPV,1991,WBA3B9C55DF945156,Teal,6578.04
581,Ford,Taurus,1995,2C3CCAHG7CH639637,Maroon,6544.94
582,Pontiac,Bonneville,1994,5J8TB3H38GL289078,Aquamarine,8462.76
583,Ford,Escape,2003,SALCR2BG9FH991100,Khaki,7725.36
584,Acura,RDX,2010,1GYS3BKJXFR108982,Turquoise,3127.95
585,Infiniti,Q,1998,WAUDH78EX8A278944,Yellow,6841.17
586,Dodge,Dakota Club,2004,1FTMF1CW9AK118041,Aquamarine,5386.53
587,Mitsubishi,Starion,1984,2G4WD582481747307,Fuscia,1158.5
588,Land Rover,LR4,2010,1GYS3HKJ0FR026200,Khaki,9327.03
589,Ford,F-Series,2009,1G6AD5SX7D0711347,Puce,5845.5
590,Aston Martin,Rapide,2012,3VW517AT7EM804852,Fuscia,6049.85
591,Lincoln,Navigator,2005,2CTALMEC9B6072741,Khaki,8936.23
592,Ford,F-Series,1991,JTHHE5BCXF5714687,Aquamarine,9761.68
593,GMC,Sonoma,1997,3GYFNCE39ES622932,Crimson,4631.68
594,Dodge,D350 Club,1992,5TDBKRFH0FS419055,Puce,4671.54
595,Toyota,Camry Hybrid,2010,WBAVB73568V048095,Khaki,2983.05
596,Pontiac,Fiero,1985,JM1NC2EF1A0998232,Pink,3878.39
597,Cadillac,Escalade ESV,2007,JN8AE2KP1C9065231,Indigo,3346.01
598,Oldsmobile,Bravada,1999,WAUBC48H36K424509,Khaki,1945.36
599,Ford,Mustang,1997,TRUTC28N641026706,Blue,2973.18
600,Pontiac,GTO,2004,1G6DG8E58C0329634,Red,3775.35
601,Pontiac,LeMans,1964,WBAYA6C55FG027752,Fuscia,8235.53
602,Audi,4000s,1985,WAUEH98E76A226748,Teal,2912.83
603,Land Rover,Range Rover,1991,1C4RDJEG9EC357674,Mauv,7104.0
604,Dodge,Stratus,1996,JN1CV6EK2DM580025,Orange,2107.52
605,Ford,Taurus,2009,WAUAG78E06A765363,Teal,9002.96
606,BMW,3 Series,2001,1G6AB5SA1D0798812,Maroon,1193.05
607,Dodge,Ram 2500,2000,WAULC68EX5A316480,Teal,7144.97
608,Chrysler,Voyager,2002,5NMSG3AB9AH847705,Pink,9231.07
609,Aston Martin,Vanquish S,2006,JN1CV6EL1EM792733,Teal,5391.92
610,Subaru,XT,1985,1G6DL8EV7A0852944,Pink,6267.26
611,Acura,MDX,2008,SCFEBBEL3DG602484,Aquamarine,1358.19
612,BMW,M5,2001,WAUNF98P58A809538,Violet,7154.17
613,Infiniti,G,1999,WAUDF78E36A550785,Crimson,5672.04
614,Mercury,Cougar,1969,WBA6B4C56FD080390,Indigo,5922.71
615,Mazda,B-Series,2000,3GYFNFEYXBS128376,Mauv,6439.87
616,Chrysler,New Yorker,1994,WBAVD53528A188862,Khaki,9701.39
617,Mitsubishi,Eclipse,1990,1GYFK438X8R643454,Aquamarine,2928.08
618,Suzuki,Sidekick,1994,WA1DVAFE8AD346068,Teal,7948.65
619,Dodge,Ram 1500,2001,1GYUCBEFXAR126326,Red,6564.69
620,Ford,Mustang,1983,19XFB2F56DE638074,Purple,2671.08
621,Nissan,Frontier,2008,1N4AL2AP5BN537946,Purple,8638.74
622,Ford,F250,1999,5TDBY5G10ES886550,Violet,4050.43
623,Ford,Mustang,2010,19UUA86229A105668,Purple,9073.07
624,Toyota,Tacoma,2001,1FTEX1E88AF854915,Red,2937.85
625,Volvo,S80,2010,JN1CV6FE5DM554740,Indigo,6111.52
626,Chevrolet,Corvette,1953,WAUGL78E76A166885,Aquamarine,5389.53
627,Lincoln,Mark VIII,1997,1D7CW2BK0AS946021,Teal,8611.78
628,Pontiac,Grand Prix,2001,1N4AB7AP3DN044401,Turquoise,7789.81
629,Daewoo,Leganza,2001,WBAWV53579P150026,Orange,6499.95
630,BMW,X6,2011,W04GZ5GV3B1782496,Orange,6006.97
631,Kia,Spectra,2004,WAUVT58E74A750308,Teal,7404.55
632,Lexus,LX,1998,5N1AA0NC1CN293639,Orange,1230.61
633,Ford,Fiesta,2013,WBAEV334X4P352262,Maroon,3628.39
634,Subaru,Legacy,1992,WAULF78K19N211585,Goldenrod,5329.94
635,Volkswagen,Passat,1999,WBADW7C52CE013109,Fuscia,7105.4
636,Infiniti,G,2000,1G6DH8E5XD0956737,Indigo,8948.86
637,Mazda,Mazdaspeed 3,2007,WVGAV3AX9EW296901,Purple,8138.25
638,Aston Martin,Vanquish S,2006,JHMZE2H51DS606226,Aquamarine,6324.99
639,Pontiac,LeMans,1988,WVWAN7AN8DE413267,Crimson,3432.38
640,Chrysler,300M,2000,3G5DB03E22S762641,Aquamarine,8718.53
641,Jeep,Patriot,2009,1G6DV5EP9B0236335,Red,6293.09
642,Mercedes-Benz,SL-Class,1994,WBANA53505B638460,Aquamarine,5052.75
643,Pontiac,Sunfire,2001,3GYVKNEF7AG668587,Puce,9295.7
644,MINI,MINI,2002,2C3CDZBT3FH200103,Fuscia,9862.24
645,Chevrolet,Caprice,1983,3VW467AT4CM815124,Goldenrod,1698.57
646,Pontiac,6000,1984,1N6AF0LY2EN030743,Orange,3295.64
647,Chevrolet,Suburban 1500,1997,1G6KD57Y84U496544,Pink,7599.24
648,Lincoln,MKX,2009,JN8AF5MV9FT825763,Mauv,3085.07
649,Toyota,MR2,2002,2LMDJ8JK2FB060933,Teal,1000.67
650,Toyota,Tundra,2005,2G61L5S38F9066345,Orange,4043.82
651,Lincoln,Town Car,1989,1G6KF57915U478777,Turquoise,7692.86
652,Hummer,H2,2003,WAUVC68E12A734401,Khaki,4382.92
653,Oldsmobile,Custom Cruiser,1992,5N1AT2MLXFC113145,Khaki,7050.7
654,Renault,Alliance,1983,JN1AZ4EH1AM166850,Puce,4036.77
655,GMC,Sonoma,1995,2G4GU5GV8C9664750,Goldenrod,8608.4
656,Pontiac,Vibe,2007,1G4GH5G36DF851559,Orange,2533.24
657,Ford,F350,2000,WAUBF98E98A732559,Yellow,9602.17
658,Ford,Aspire,1997,WVWAN7AN2DE630457,Yellow,7453.58
659,Buick,Riviera,1986,1N6AA0CC7DN520581,Fuscia,8936.06
660,BMW,M Roadster,2006,3VW4S7AT8EM484112,Goldenrod,3691.37
661,Mercury,Villager,2002,3LN6L2LUXFR500652,Crimson,4501.82
662,Nissan,Murano,2007,1N6AD0CU3AC538762,Teal,4732.08
663,Mazda,Mazda6,2012,SALAB2D48DA569517,Goldenrod,5894.76
664,GMC,EV1,1999,1GTC5LF93C8901214,Orange,9175.19
665,GMC,Envoy XUV,2004,1FTEX1C81AF561540,Crimson,6036.21
666,Lincoln,Town Car,2006,JM1DE1HY9B0317488,Indigo,1109.06
667,Lexus,LS,2012,WAUFFAFL9AA315372,Aquamarine,6339.62
668,MINI,Cooper,2012,WUAGNAFG1CN576782,Red,8966.5
669,Dodge,Ram 3500,1996,1G4GF5G35DF562761,Purple,5104.64
670,Hyundai,Accent,1998,5GADX33L36D065318,Pink,6144.03
671,Chevrolet,Uplander,2007,3D7JB1EK3BG885233,Green,2575.77
672,BMW,X5,2009,WVWAA7AH6AV330650,Maroon,8348.65
673,Mitsubishi,Pajero,2002,WBALZ5C54CD772809,Blue,2685.98
674,Porsche,Panamera,2013,WBADS43461G712293,Puce,6058.26
675,Ford,Mustang,1987,WBALZ3C53CC618814,Aquamarine,3647.47
676,Kia,Sportage,2012,1FTFW1E83AK111576,Fuscia,5597.03
677,Nissan,240SX,1996,2G4WS52J621726634,Fuscia,2436.18
678,Mercury,Tracer,1991,1GYEC638X7R904133,Red,7566.21
679,Honda,Odyssey,2001,1HGCP2E82AA855878,Teal,9002.6
680,Hyundai,Tiburon,2007,JM1NC2JFXC0619642,Red,7097.67
681,Mercury,Mountaineer,2008,WAU4FBFLXAA485902,Blue,2098.07
682,Cadillac,Escalade EXT,2007,WBANB33515B082855,Green,7037.82
683,Cadillac,Escalade ESV,2004,JTHDU1EF4C5339763,Red,5122.61
684,Kia,Sportage,2007,JA32U1FU2DU522347,Indigo,6873.96
685,GMC,Safari,1992,3C6LD4AT5CG990037,Green,8143.88
686,GMC,Savana 3500,2002,1G4HP57288U009631,Blue,5917.89
687,Ford,Mustang,1998,2HNYD18203H529249,Turquoise,3922.63
688,Porsche,Boxster,2011,3C4PDDAG2FT969753,Teal,2985.45
689,Mercury,Monterey,2006,WBA5B1C51ED906295,Crimson,2080.49
690,Ford,Mustang,2007,KMHFG4JG3FA024221,Mauv,5337.1
691,Ford,Focus,2009,2B3CK9CV0AH698594,Red,2033.27
692,Mazda,B-Series,1988,WA1CMBFP1FA498417,Violet,7676.43
693,Pontiac,Tempest,1966,WAU3FAFR2BA508066,Indigo,4765.28
694,Chevrolet,Suburban 1500,2002,SCFFDABE4AG459846,Indigo,8141.0
695,Hyundai,Azera,2010,19XFA1E85AE701556,Goldenrod,7460.09
696,Chevrolet,Lumina APV,1993,WA1AY74L49D587670,Puce,2868.47
697,Pontiac,Vibe,2006,SALME1D45CA545818,Orange,8072.67
698,Jeep,Grand Cherokee,2009,1N6AA0CJ9EN974458,Green,4821.14
699,Lamborghini,Countach,1989,JN8AF5MR5ET827611,Puce,6947.28
700,Jeep,Grand Cherokee,2012,5GADV23L76D143471,Violet,2225.11
701,Chrysler,Crossfire Roadster,2006,2B3CK5CT0AH353007,Violet,4168.44
702,Mercury,Sable,2002,WAUBH54B31N970470,Aquamarine,9489.5
703,BMW,3 Series,1992,4T3BA3BB0CU318920,Green,5951.38
704,Toyota,Paseo,1996,WBA3A9C54FF502454,Violet,5474.84
705,Ford,F150,1994,1G6DW677550140447,Teal,5354.25
706,Volkswagen,rio,1995,2LMHJ5AT6EB154000,Mauv,8744.01
707,Buick,Regal,1993,1G6DM8ED1B0413003,Indigo,4569.71
708,Mercedes-Benz,SL-Class,1997,JN1AJ0HP3BM157877,Indigo,4435.52
709,BMW,3 Series,1994,2G4WY55J011885741,Puce,3366.2
710,Toyota,Corolla,2000,2C4RRGAG4DR797060,Mauv,9293.88
711,Chevrolet,Cavalier,1992,1FMJU1F55AE886640,Goldenrod,1558.5
712,Mitsubishi,Lancer Evolution,2002,1FTNF1E83AK616447,Orange,8734.18
713,Pontiac,Firebird,1997,1N6AA0CC2DN314410,Aquamarine,7920.56
714,Saab,9-7X,2005,137FA90311E337211,Goldenrod,4862.57
715,Dodge,Ram,2010,5XXGM4A78CG704231,Puce,8867.87
716,Toyota,Highlander,2001,1FTSX2B58AE913700,Orange,4833.12
717,Eagle,Vision,1993,4T1BK3DB9AU557379,Turquoise,4542.99
718,Honda,Odyssey,2011,WAUDFAFL7AA071177,Goldenrod,4144.2
719,Audi,A5,2009,WP0AB2A91AS855481,Pink,5893.87
720,Volkswagen,Passat,2001,WVGAV3AX5EW293901,Orange,2495.56
721,Mercury,Grand Marquis,1986,WBA4B3C52FG210293,Maroon,8181.06
722,Dodge,Challenger,2012,WBAEN33453E769010,Teal,5813.81
723,Pontiac,Firebird Trans Am,1986,1G4CW54KX24944190,Crimson,2275.82
724,Volkswagen,New Beetle,2003,WVWAA7AJ6CW660630,Blue,1392.58
725,BMW,6 Series,2006,WAUEF48H88K191640,Orange,7495.17
726,BMW,530,2001,2C4RDGCG4DR811261,Yellow,9022.12
727,Chevrolet,Express 1500,2000,SCFKDCEP2EG477341,Crimson,2335.9
728,GMC,Yukon,2013,1G6DL1E35C0344500,Fuscia,1267.16
729,Chevrolet,Tahoe,1996,JTDBT4K30CL637214,Crimson,8842.17
730,Buick,Skyhawk,1985,1G6KS54Y54U998308,Mauv,8620.45
731,Buick,Coachbuilder,1992,WA1LMAFE4CD261035,Aquamarine,9350.21
732,Mercedes-Benz,500E,1992,5FRYD4H48GB882650,Fuscia,1847.86
733,Ford,Thunderbird,1984,WAUPL58E74A813531,Orange,5732.9
734,Mercury,Capri,1991,WAUUL78E46A536547,Khaki,2417.37
735,Chevrolet,Volt,2011,5N1AA0NCXBN455170,Purple,5570.26
736,Toyota,Avalon,2001,1N6BF0KM7FN862342,Purple,3038.34
737,Hyundai,Genesis Coupe,2011,1GYS4KEFXDR694553,Green,8502.47
738,Chevrolet,S10 Blazer,1994,1GD022CG4CZ439499,Indigo,5336.09
739,Volkswagen,rio,1995,WAUMFBFLXDN368656,Orange,1483.91
740,MINI,Clubman,2011,WAUFL54D51N603801,Fuscia,5062.33
741,Mitsubishi,Mighty Max,1986,WAUNF98PX6A548954,Turquoise,9227.21
742,Mercury,Cougar,1993,WBANU5C53AC930633,Yellow,9720.24
743,Toyota,Camry,1996,1G4PT5SV9F4582799,Teal,6638.76
744,Jeep,Grand Cherokee,1993,1N6AA0CHXDN337106,Indigo,2148.92
745,Volkswagen,GTI,1989,JN1CV6FE8EM387064,Orange,1870.0
746,Lexus,SC,1997,1G6AA5RX8E0028704,Blue,7426.75
747,Chevrolet,Corvette,1954,JHMGE8G25AC764706,Mauv,2999.09
748,Mitsubishi,3000GT,1996,JN8AF5MV1FT469048,Maroon,9020.16
749,Chevrolet,Caprice,1983,JTHFE2C20D2494180,Turquoise,7489.08
750,Ford,Crown Victoria,1996,WAUEFBFL7BN007600,Red,6318.68
751,Chrysler,LeBaron,1993,WDDGF4HB2EG729471,Violet,8290.65
752,Cadillac,Escalade,2010,WBAEW53432P557055,Purple,5440.27
753,Mercedes-Benz,SLR McLaren,2005,WBALM7C56AE073506,Goldenrod,4932.94
754,Chevrolet,TrailBlazer,2004,2C3CDXJG5DH234260,Purple,8206.95
755,Nissan,Maxima,1995,WBA3R5C52FK583835,Orange,6777.53
756,Toyota,Prius c,2012,1G4GA5ER7CF699656,Pink,7155.49
757,Mercury,Sable,1993,ZFF60FCA1A0911698,Mauv,7011.28
758,Toyota,Celica,2003,3D73M4CL2BG724226,Yellow,3314.58
759,Toyota,Sienna,1999,1G6DL8EV9A0060357,Turquoise,6350.32
760,Cadillac,Escalade EXT,2003,19XFA1E53BE847168,Crimson,9801.59
761,Chevrolet,Express 1500,2000,WAUEH94F76N796675,Green,1788.02
762,Toyota,Sienna,2002,4USBU33558L912651,Khaki,4706.37
763,Ford,Fiesta,2011,YV1902MM2F1934285,Green,2452.36
764,Honda,Civic Si,2006,4USFE43527L612097,Blue,4258.65
765,Toyota,Tercel,1993,WAUEH94F97N823344,Indigo,1648.1
766,Ford,LTD Crown Victoria,1986,5UXZV4C58DL672494,Violet,8578.14
767,Mercedes-Benz,SLK-Class,2008,WBAVT13506K313201,Goldenrod,5145.54
768,Lincoln,Continental Mark VII,1992,WA1VKAFPXAA992986,Maroon,4830.85
769,Toyota,Prius Plug-in,2012,WAUVF78K79A295301,Crimson,7918.32
770,Jaguar,XJ,2009,1GYFC56259R941826,Orange,1851.42
771,Ford,Crown Victoria,1992,JTDKN3DP2C3789564,Indigo,5488.94
772,Ford,LTD Crown Victoria,1993,1C4NJCBA8FD241705,Yellow,6732.22
773,Hyundai,Elantra,2003,5NPEB4AC3BH428618,Purple,8117.03
774,Jaguar,X-Type,2004,JH4CL96845C726986,Orange,4018.24
775,Audi,A4,2006,2HNYD18223H469443,Aquamarine,3878.88
776,Nissan,300ZX,1994,WBAUC9C51DV694109,Blue,1824.47
777,Jaguar,X-Type,2005,1GD02ZCGXBZ385018,Puce,3638.22
778,BMW,530,2003,WAUDF48H29K490246,Teal,9902.07
779,Honda,Civic,1985,WAUNF78P27A510348,Maroon,3366.18
780,Lincoln,MKS,2012,WAUMK98K09A995339,Orange,3338.47
781,Honda,Insight,2011,4T1BK3DB8AU591538,Fuscia,3180.37
782,Pontiac,Trans Sport,1997,WBA3B1C55EP938205,Blue,3227.16
783,Mercury,Milan,2007,1FMJK1JT1FE973860,Orange,6935.22
784,Lexus,LX,1998,3D73M3CL8BG024642,Purple,2850.61
785,Land Rover,LR3,2009,2T1KU4EE4CC152253,Green,7287.77
786,Nissan,300ZX,1992,WBADT33482G068384,Puce,8569.16
787,Oldsmobile,88,1998,2C3CDZBGXFH670700,Indigo,2389.88
788,Ferrari,599 GTB Fiorano,2010,WAUEL94F15N686220,Crimson,2124.01
789,Jeep,Commander,2008,SAJWA6BC6F8806020,Purple,8190.68
790,Dodge,Ram 2500,1995,1G6DM5E35C0927475,Pink,2787.64
791,Audi,TT,2001,5UXFA13575L419469,Crimson,9463.26
792,Acura,Integra,1993,1N6AA0CC8DN772436,Indigo,7226.53
793,Chrysler,Cirrus,2000,JTHBP5C21D5635461,Aquamarine,6584.23
794,Hyundai,Veloster,2013,1GYS3HKJ2FR084664,Turquoise,2573.5
795,Mercedes-Benz,S-Class,2010,SCFFDCBD4BG499560,Teal,9707.69
796,Pontiac,Grand Am,1991,1GYS4PKJ9FR524371,Crimson,9570.17
797,Mercedes-Benz,S-Class,1997,WBAUP73579V816777,Orange,1204.81
798,Mercedes-Benz,400E,1993,JM1NC2JF3F0808816,Violet,8585.55
799,Audi,80,1990,KMHTC6AD2FU710068,Orange,9355.63
800,Honda,CR-V,2007,WBANE53587C353376,Khaki,5309.01
801,Cadillac,SRX,2008,1FTEW1C85FF408458,Violet,2684.78
802,Toyota,Tacoma Xtra,2000,2G4WE587671921157,Green,3842.61
803,Infiniti,G35,2007,JN8AE2KP5E9563483,Aquamarine,5865.62
804,Mercedes-Benz,C-Class,2010,1G6DA1E37C0418683,Teal,2044.43
805,Subaru,Tribeca,2012,WAUDH98EX6A482961,Goldenrod,8413.86
806,Chrysler,PT Cruiser,2009,1FADP5CU5EL617625,Turquoise,1993.17
807,Toyota,Prius,2010,WAUMGBFL0AA173584,Yellow,2313.07
808,Oldsmobile,Ciera,1992,1GYFC56239R664206,Indigo,3893.91
809,GMC,Vandura 3500,1994,WAULFAFH8EN380727,Mauv,1918.27
810,Nissan,Pathfinder,2008,YV1952AS5E1639037,Green,7980.06
811,Nissan,Altima,2006,WAUDH98E87A506319,Puce,8328.45
812,Maybach,57,2011,1FTNX2A51AE364369,Crimson,8342.29
813,Oldsmobile,Cutlass Supreme,1994,WAUVT58E65A309996,Teal,2442.37
814,Nissan,GT-R,2009,JH4KC1F57EC731814,Khaki,8089.03
815,Ferrari,612 Scaglietti,2010,1G6KE57YX2U258835,Red,8760.82
816,Mercury,Cougar,1985,4JGCB2FE7BA558510,Mauv,8497.5
817,Oldsmobile,98,1994,1G6DF8E5XD0770010,Orange,9471.3
818,Mazda,MX-5,1999,5TDBY5G10BS341346,Mauv,2660.95
819,Chrysler,Town & Country,1993,WAUXL58E65A589265,Pink,4257.65
820,Audi,A4,1998,3G5DA03L46S453065,Green,3899.85
821,Chrysler,Concorde,1995,1G4HG5EM2AU138362,Crimson,3464.03
822,Mazda,Miata MX-5,2002,SALVP2BG1FH920827,Red,8313.7
823,Hyundai,XG350,2005,1C4PJLAK1CW665097,Crimson,2464.8
824,Rolls-Royce,Ghost,2012,2T1BU4EE0CC620558,Violet,7416.29
825,Hyundai,Sonata,1995,1G4GD5ER2CF617064,Teal,5125.11
826,Eagle,Premier,1992,WBAKG1C57DJ562458,Turquoise,6278.3
827,Suzuki,Daewoo Lacetti,2006,SAJWA4DC7DM799293,Indigo,6698.64
828,Pontiac,Grand Am,1992,1G6DM8EG3A0190617,Maroon,4767.73
829,Subaru,Legacy,1994,2C3CCAAG8EH257338,Red,3508.32
830,Nissan,300ZX,1992,WBANF33526C771254,Green,8732.6
831,Mercedes-Benz,M-Class,1999,1G6DC8EY6B0203552,Fuscia,9949.64
832,Toyota,Xtra,1993,ZHWGU5BZ7DL049848,Khaki,2682.55
833,Pontiac,Trans Sport,1995,SCFAD02A08G560538,Red,6224.79
834,Panoz,Esperante,2007,1N6AF0KY7EN389622,Goldenrod,9412.47
835,Pontiac,GTO,1971,WBA3G7C58EK183326,Maroon,7203.22
836,Mitsubishi,Pajero,1992,1FMEU5DEXAU277819,Violet,9038.14
837,Ford,E-350 Super Duty,2006,WAUSF78KX9N247187,Maroon,2692.3
838,Volkswagen,Eos,2009,3VW467AT0CM501406,Maroon,3851.51
839,Honda,Civic,1990,JH4CL96915C797250,Indigo,3458.95
840,Acura,TSX,2009,1G6DL8E30D0670831,Green,7536.03
841,Cadillac,Brougham,1992,WAUFFBFL8BN885489,Maroon,1183.81
842,Cadillac,Brougham,1992,WP0AA2A96DS993704,Blue,2670.57
843,Chevrolet,1500,1999,3D7LP2ET6AG640143,Violet,7488.06
844,Chrysler,New Yorker,1993,4F2CY0C7XAK495456,Teal,9103.02
845,Toyota,Tacoma,2008,WAUHGBFC5EN107144,Violet,1568.92
846,Pontiac,LeMans,1967,1HGCR2E36EA318077,Goldenrod,4529.71
847,Suzuki,Swift,2005,2T1BURHE6FC587756,Violet,2587.01
848,Suzuki,SJ,1991,3C63D3HL4CG626708,Yellow,5134.45
849,Mercedes-Benz,E-Class,2012,3GYFNKE60BS033798,Fuscia,3205.37
850,Plymouth,Colt,1992,JH4KB16518C810340,Indigo,6231.78
851,Cadillac,DTS,2011,WA1YL54B34N765600,Crimson,4482.32
852,Volvo,S80,2002,4A37L2EF3AE717279,Fuscia,9715.17
853,Dodge,Dynasty,1993,1G6KD57Y45U010068,Green,7221.62
854,Mazda,323,1995,WAUSG74F49N279705,Orange,7631.11
855,Lamborghini,Gallardo,2009,WAUEF98E06A052091,Violet,8579.94
856,Lexus,ES,2000,5J8TB2H28AA100157,Teal,6489.2
857,Volkswagen,New Beetle,2006,WAULC68E44A981924,Khaki,4130.6
858,Ford,Aspire,1994,5BZBF0AAXFN418897,Orange,4504.83
859,Jeep,Liberty,2007,3GTU2YEJXBG530163,Orange,6520.5
860,Geo,Tracker,1993,1G6KD54Y83U435794,Goldenrod,6511.37
861,Mercury,Mountaineer,2003,3LNDL2L31CR048746,Purple,6225.94
862,Chevrolet,Camaro,1980,3N1CN7AP2DL636594,Orange,2180.38
863,Land Rover,Range Rover Sport,2011,3N1CN7AP9DL917209,Goldenrod,1673.68
864,Smart,Fortwo,2008,5TFCY5F19CX672489,Crimson,1082.92
865,Mercedes-Benz,M-Class,2012,5N1AR1NB3AC657994,Red,1081.28
866,Saturn,Ion,2005,3D7JB1EP8AG896299,Mauv,2079.45
867,Lincoln,Continental,1988,WBALM5C52AE073670,Indigo,4239.89
868,Lincoln,Mark VII,1992,WBA3B1C50F5970332,Pink,9930.37
869,Subaru,SVX,1994,WAUNF68P96A986508,Purple,3488.25
870,GMC,Jimmy,1993,1FA6P8AM7F5043581,Green,8870.45
871,Mitsubishi,Mighty Max,1995,5FPYK1F20EB365502,Teal,5372.35
872,Mercedes-Benz,300D,1992,WDDHH8HB6BA302671,Purple,7379.51
873,Audi,S4,2008,WBAVL1C51EV755577,Puce,3963.4
874,Mazda,RX-7,1986,WBA3D3C58EF606254,Turquoise,2933.85
875,Buick,Skylark,1991,5UMBT93536L525505,Yellow,2041.6
876,Plymouth,Roadrunner,1969,1G6YX36D875799388,Puce,1873.7
877,Jeep,Commander,2010,1GYS3MKJ9FR239073,Maroon,3273.3
878,Toyota,Highlander,2006,JH4DC54824S131770,Goldenrod,1644.08
879,Bentley,Azure,2006,SAJWA0FB8BL210803,Purple,9952.39
880,Ford,Taurus,2011,1G6DS5ED6B0368306,Blue,5156.65
881,Honda,Accord,1991,3C63D3FL6CG738462,Blue,9957.94
882,Subaru,Forester,2009,1G6DM57N630870184,Blue,3317.22
883,Oldsmobile,Cutlass Supreme,1993,5FRYD3H68GB162406,Purple,3925.28
884,Ford,Mustang,1994,19UUA56942A829735,Khaki,1222.35
885,Shelby,GT500,1968,2C3CCAAG9DH604514,Aquamarine,3614.5
886,BMW,X5,2003,5FRYD3H92GB132747,Violet,6183.12
887,Chevrolet,Cavalier,1995,1N6AD0CU4CN712605,Aquamarine,5875.53
888,Acura,RL,1998,1GD220CG6CZ171052,Goldenrod,1424.97
889,Lincoln,MKX,2009,3C3CFFCR4ET947601,Aquamarine,4356.09
890,Ford,Tempo,1991,WAUCVAFRXCA540946,Khaki,1921.79
891,Honda,Civic Si,2006,3C4PDDDG5CT170136,Fuscia,6415.53
892,Toyota,Avalon,1996,KL4CJBSB0FB071906,Goldenrod,4943.8
893,Buick,Skylark,1987,ZHWGU5BZ5CL974241,Indigo,5572.39
894,Pontiac,Bonneville,1964,WDCGG0EB8EG607583,Red,7768.12
895,MINI,Cooper,2010,WAUHGAFC0CN337472,Purple,1745.64
896,Audi,S6,2009,SCBBB7ZH3DC260601,Aquamarine,2148.43
897,Toyota,Prius,2009,WAUNG94F99N564828,Mauv,4213.15
898,Chevrolet,Metro,1999,WAUMFAFR0FA286895,Blue,6885.29
899,Honda,Civic,2006,2HKRM3H32EH191314,Fuscia,7093.95
900,Eagle,Vision,1996,JM1NC2JF8F0919409,Fuscia,1515.27
901,Jaguar,XK Series,1998,1N6AA0EC5EN616983,Khaki,9602.79
902,Lexus,RX,2008,1GYFC668X8R870082,Aquamarine,5015.57
903,Toyota,Solara,2003,JN8AZ1FY5DW781991,Blue,1962.83
904,Audi,S6,2008,JN8AZ1MU3DW976536,Turquoise,8436.06
905,Oldsmobile,Bravada,2001,1GYFK43559R849806,Purple,1577.31
906,BMW,5 Series,1998,3TMJU4GN7AM262498,Green,3580.21
907,Toyota,Yaris,2008,WUARU78E07N844558,Orange,4923.04
908,Dodge,Shadow,1992,3N1AB7AP8FY780155,Puce,3314.36
909,Honda,Accord,1985,1G6EL12Y31B458937,Indigo,8378.76
910,Suzuki,XL7,2006,1G6DS8E3XC0968868,Turquoise,9285.38
911,Lincoln,Aviator,2004,1G4PP5SK1F4741793,Purple,6124.97
912,Maserati,Biturbo,1986,WBA3B5C54DF071455,Teal,7026.3
913,Kia,Spectra,2003,WVWAA7AJ5CW657475,Fuscia,7343.58
914,Pontiac,Firebird,2002,1G6ET12971B437954,Green,9907.38
915,Lexus,IS F,2010,WAUEF78E48A340364,Teal,2322.14
916,Acura,CL,1997,1G6DP8EDXB0307219,Blue,2618.31
917,Mitsubishi,Tundra,2009,WBAVB73568V852686,Red,7620.94
918,Chevrolet,Metro,2001,KNDJT2A59C7160682,Pink,9795.98
919,Pontiac,LeMans,1993,5GAKVAKD5EJ450648,Blue,9142.52
920,Infiniti,Q,1992,2B3CL5CT5BH170068,Khaki,8323.13
921,Ford,Explorer,2008,KMHTC6AD3DU091042,Teal,9147.71
922,Mitsubishi,Outlander,2007,1GYS3BEF0CR691470,Green,5849.95
923,Lamborghini,Gallardo,2005,KNADM5A35D6992339,Blue,3593.1
924,Honda,Accord,2010,3GYFNDEYXAS925049,Mauv,6289.9
925,Isuzu,Ascender,2009,1FMJU1J52AE605658,Crimson,6954.79
926,Mercedes-Benz,C-Class,2006,1FTEX1CM4DF491372,Purple,7039.29
927,Audi,TT,2006,WVWGD7AJXEW137244,Orange,7970.43
928,Ford,E150,2006,1N6AD0CW8FN525373,Orange,6795.17
929,Dodge,Avenger,2010,1C3CDWDA8CD538471,Indigo,9743.13
930,Toyota,Prius,2004,WBALM7C53BE634567,Purple,3786.89
931,BMW,3 Series,1996,WAUPN44E77N475507,Purple,9133.17
932,Ford,Ranger,1991,SALGR2VF8EA616732,Blue,7889.52
933,Volkswagen,New Beetle,2003,WBASP4C5XAC809411,Pink,7680.55
934,Honda,S2000,2007,3D7TT2CT8AG071035,Pink,5154.36
935,Buick,LeSabre,1994,1FTWF3D59AE623165,Red,7896.85
936,Lincoln,Navigator,2010,WBAKX8C54BC662186,Purple,4172.88
937,Mercury,Grand Marquis,1985,1G6AF5S38D0139681,Mauv,4063.52
938,Chevrolet,Suburban 1500,1996,SAJWA4FC8EM883542,Indigo,2440.13
939,Chrysler,Sebring,2010,WAUHF98P58A777476,Green,1278.34
940,Mercedes-Benz,500SEC,1993,2G4GN5EK7C9164374,Pink,2555.25
941,Chevrolet,Venture,2005,SCFFDAAM4DG744110,Maroon,4766.16
942,Buick,Century,1996,SALAB2D46BA025370,Aquamarine,8210.77
943,Cadillac,Escalade EXT,2004,1G6KD57Y87U390373,Fuscia,3378.88
944,Porsche,911,2003,WAUKH74F97N019956,Turquoise,6855.33
945,Buick,Coachbuilder,1991,WAUMGAFL1CA597031,Maroon,9299.93
946,Ford,Club Wagon,1995,WAUFFAFL5DN317567,Pink,6913.48
947,Isuzu,Hombre,1996,1FTEX1C82AK970282,Red,3609.51
948,Lincoln,Navigator,2012,19VDE3F36EE935388,Maroon,7050.02
949,Mercedes-Benz,CL-Class,2011,ZHWGU5BZ7CL377057,Pink,5812.84
950,Toyota,Camry,2008,JM3KE2BE2F0595822,Puce,4086.93
951,Mazda,MX-5,1996,JH4CU25679C745462,Aquamarine,9886.34
952,Suzuki,SJ,1995,WBAVB33506A141014,Orange,6716.62
953,Volkswagen,Rabbit,2007,KMHHT6KDXBU664732,Indigo,4246.41
954,Ford,Edge,2009,WBA3T3C58F5985525,Orange,3816.91
955,Volvo,XC90,2003,19UUA76678A326601,Maroon,5975.07
956,Acura,RL,2005,WAUAF78EX5A326625,Yellow,4965.09
957,Subaru,Legacy,1998,WAUML54B12N576362,Teal,2247.67
958,Maserati,Quattroporte,2012,WBAEV33443K076477,Green,9465.72
959,Toyota,Celica,1984,3MZBM1K79FM212041,Blue,1449.4
960,Pontiac,Bonneville,2000,WAUBNAFB6BN324923,Orange,7481.29
961,GMC,Savana 1500,2004,1G6DV1EP8B0958226,Khaki,1836.29
962,Dodge,Ram Van 3500,1995,WBAVD53518A924819,Pink,8900.92
963,Saab,900,1998,WD3PE7DC1F5581804,Mauv,2726.61
964,Jeep,Wrangler,2000,SCBBP93W89C725661,Purple,8440.19
965,Hyundai,Veracruz,2010,5FPYK1F26BB882301,Fuscia,5159.11
966,Acura,TSX,2010,WBA4A9C56FD393513,Teal,1458.32
967,Ford,F-Series Super Duty,2007,4A31K5DF1CE358853,Red,2982.64
968,Mazda,Mazda2,2011,1FTEW1C81FF214509,Yellow,9744.57
969,Chevrolet,Astro,2000,JH4DC44581S474921,Yellow,2997.58
970,Land Rover,Freelander,2009,KMHTC6AD1DU155224,Puce,1667.04
971,Porsche,911,1990,WBAXA5C53ED351210,Orange,9482.61
972,Audi,TT,2010,1G6AA5RXXE0119084,Crimson,7823.25
973,Chrysler,PT Cruiser,2010,JH4NA12622T638017,Violet,6193.75
974,Dodge,Avenger,1998,1FTSX2B52AE697973,Yellow,5100.9
975,Porsche,911,1987,JH4CU2F64AC523237,Crimson,4029.92
976,Audi,S8,2009,1G6AJ5SX6E0932593,Maroon,7123.17
977,Acura,RL,1997,1C3CCBAB9DN610105,Violet,1239.96
978,Dodge,Sprinter,2009,5J6YH1H39AL133883,Green,5845.77
979,Lincoln,Town Car,1986,2G4GT5GV2C9485493,Puce,3743.45
980,Dodge,Viper,1997,1ZVBP8JZ8E5972694,Fuscia,5508.52
981,Subaru,Justy,1989,KMHHT6KDXEU096020,Fuscia,5433.19
982,Mercedes-Benz,S-Class,1986,5J8TB4H31EL563434,Puce,8377.47
983,Volkswagen,rio,2002,WBA6B4C57ED721139,Goldenrod,7150.41
984,Kia,Optima,2009,1YVHZ8BH9B5667790,Pink,1159.14
985,Lamborghini,Diablo,2000,1G6DX67D960728081,Maroon,5359.01
986,Nissan,Frontier,1999,SCFBB03B57G658867,Mauv,3387.94
987,Jeep,Wrangler,1993,WDDHH8HB3BA264493,Turquoise,5834.47
988,GMC,Safari,2004,WAULD54B52N802864,Purple,3913.81
989,Ford,Courier,1988,1D4SD6GT2BC648346,Fuscia,5947.13
990,Chevrolet,Corvette,1963,WBAYE4C58DD686206,Teal,5271.06
991,Chrysler,300,2005,JN1BJ0HP6DM116960,Purple,3111.71
992,Ford,Aspire,1995,3C4PDDGG2FT204730,Indigo,6004.23
993,BMW,5 Series,2005,3D7TT2CT8BG512860,Teal,9540.17
994,Buick,Century,1995,WBAVB73507K747898,Yellow,7426.31
995,Ford,F350,1993,2FMDK3AK0EB719017,Blue,3197.36
996,Lincoln,LS,2000,WBA3N5C59FK494372,Khaki,4820.81
997,Mercedes-Benz,E-Class,2008,1FTMF1CW3AK366737,Khaki,2788.54
998,Volkswagen,Golf,1988,3GYEK62NX5G457732,Violet,1864.22
999,Buick,Riviera,1992,WAUDF78E58A789595,Pink,3119.22
1000,Ford,Club Wagon,1998,JTHBL5EF8E5500491,Indigo,6421.2
