id,stock_market,stock_market_cap,stock_sector,name,stock_industry,price
1,NYSE,$927.58M,Capital Goods,CBPX,Building Materials,31.01
2,NYSE,$323.37M,n/a,STK,n/a,43.35
3,NYSE,n/a,n/a,ARIC,n/a,43.55
4,NYSE,$11.94B,Miscellaneous,VNTV,Business Services,62.96
5,NYSE,$560.06M,n/a,JPI,n/a,26.42
6,NYSE,$84.47M,n/a,FEO,n/a,11.07
7,NASDAQ,$27.59M,Health Care,THLD,Major Pharmaceuticals,80.25
8,NYSE,n/a,n/a,MSE,n/a,93.56
9,NYSE,$438.74M,n/a,MUJ,n/a,64.74
10,NASDAQ,$20.5M,Consumer Services,CIDM,Consumer Electronics/Video Chains,50.66
11,NASDAQ,$1.57B,Basic Industries,WDFC,Major Chemicals,43.15
12,NYSE,$505.59M,Consumer Non-Durables,MED,Packaged Foods,52.09
13,NYSE,$110.16B,Health Care,NVO,Major Pharmaceuticals,53.44
14,NYSE,$943.59M,n/a,AOD,n/a,9.46
15,NASDAQ,$2.24B,Finance,TRMK,Major Banks,52.78
16,NYSE,$2.62B,Technology,WBT,Industrial Machinery/Components,54.71
17,NASDAQ,$180.27M,Health Care,VBIV,Biotechnology: Biological Products (No Diagnostic Substances),2.34
18,NASDAQ,$119.44B,Health Care,AMGN,Biotechnology: Biological Products (No Diagnostic Substances),33.52
19,NASDAQ,$35.37M,Transportation,GLBS,Marine Transportation,66.93
20,NYSE,$7.06B,Basic Industries,WST,Specialty Chemicals,58.93
21,NASDAQ,$858.79M,Technology,LTRPA,EDP Services,56.14
22,NASDAQ,$28.19M,Miscellaneous,NCTY,Business Services,87.9
23,NASDAQ,$9.73B,Consumer Services,CDW,Catalog/Specialty Distribution,7.66
24,NASDAQ,$324.08M,Technology,WATT,Radio And Television Broadcasting And Communications Equipment,37.24
25,NYSE,$4.14B,Finance,RLGY,Real Estate,82.8
26,NYSE,$20.79M,n/a,SRF,n/a,63.53
27,NYSE,$403.79M,Finance,GTS,Accident &Health Insurance,96.64
28,NYSE,$7.49B,Consumer Services,ELS,Real Estate Investment Trusts,82.77
29,NASDAQ,$72.81M,Capital Goods,PSDV,Biotechnology: Laboratory Analytical Instruments,68.42
30,NASDAQ,$168.26M,Finance,MBCN,Major Banks,77.82
31,NASDAQ,$652.54M,Capital Goods,OFLX,Industrial Specialties,34.21
32,NYSE,$973.21M,Finance,MMI,Real Estate,57.08
33,NYSE,n/a,Public Utilities,EAB,Electric Utilities: Central,39.97
34,NASDAQ,$35.52M,Capital Goods,SYPR,Industrial Machinery/Components,81.07
35,NYSE,$11.97B,Basic Industries,ALB,Major Chemicals,32.06
36,NASDAQ,$26.47B,Technology,FISV,EDP Services,38.87
37,NYSE,$172.67M,Consumer Services,JAX,Restaurants,63.48
38,NYSE,$1.97B,Basic Industries,EGO,Precious Metals,22.62
39,NYSE,$1.63B,Capital Goods,MRC,Industrial Machinery/Components,9.12
40,NASDAQ,$299.85M,Energy,AXAS,Oil & Gas Production,42.93
41,NYSE,$32.89B,Energy,PHG,Consumer Electronics/Appliances,88.96
42,NYSE,n/a,n/a,NYLD.A,n/a,44.67
43,NASDAQ,$287.82M,Finance,CZNC,Major Banks,89.37
44,NASDAQ,$3.46B,Finance,ILG,Real Estate,47.47
45,NYSE,$229.32B,Basic Industries,PG,Package Goods/Cosmetics,93.49
46,NYSE,n/a,Public Utilities,CTDD,Telecommunications Equipment,77.51
47,NASDAQ,$535.68M,Finance,FITBI,Major Banks,74.71
48,NASDAQ,n/a,n/a,SCACU,n/a,72.87
49,NYSE,$203.15M,Consumer Services,FENG,Broadcasting,1.43
50,NYSE,$48.91M,Consumer Services,CBK,Clothing/Shoe/Accessory Stores,71.81
51,NASDAQ,$57.51M,Consumer Non-Durables,FORK,Plastic Products,52.98
52,NYSE,$93.34M,Energy,CIE,Oil & Gas Production,13.55
53,NYSE,$4.08B,Consumer Durables,GPK,Containers/Packaging,64.02
54,NYSE,$99.71M,n/a,NXC,n/a,82.8
55,NYSE,$7.13B,Energy,AR,Oil & Gas Production,70.65
56,NASDAQ,n/a,Health Care,CHEKW,Medical Electronics,1.7
57,NYSE,$17.1B,Basic Industries,VMC,Mining & Quarrying of Nonmetallic Minerals (No Fuels),85.38
58,NYSE,$2.84B,Health Care,PEN,Medical/Dental Instruments,8.06
59,NASDAQ,$47.65M,Finance,WAYN,Savings Institutions,79.77
60,NASDAQ,$9.92B,Finance,CBOE,Investment Bankers/Brokers/Service,48.59
61,NASDAQ,$148.4M,n/a,FTGC,n/a,41.72
62,NYSE,n/a,n/a,AMHE,n/a,15.47
63,NYSE,$9.3B,Public Utilities,WGP,Natural Gas Distribution,53.72
64,NYSE,$940.53M,Miscellaneous,VVI,Business Services,64.75
65,NYSE,$92.4M,Energy,CRT,Oil & Gas Production,36.3
66,NYSE,n/a,Finance,ZBK,Major Banks,77.31
67,NASDAQ,$193.55M,Health Care,CPRX,Major Pharmaceuticals,77.76
68,NYSE,n/a,n/a,CYSB,n/a,97.48
69,NASDAQ,$9.57M,Consumer Non-Durables,FORD,Plastic Products,76.85
70,NASDAQ,$425.82M,Finance,VBTX,Major Banks,54.14
71,NASDAQ,$359.69M,Finance,CNBKA,Major Banks,96.55
72,NASDAQ,$1.14B,Technology,MB,EDP Services,22.53
73,NYSE,$73.14M,Transportation,NAO,Marine Transportation,28.73
74,NYSE,$8.05B,Technology,LN,"Computer Software: Programming, Data Processing",98.71
75,NASDAQ,$116.58M,Health Care,SPNE,Medical/Dental Instruments,89.62
76,NYSE,n/a,Public Utilities,CTDD,Telecommunications Equipment,21.6
77,NASDAQ,n/a,Finance,ASRVP,Major Banks,98.31
78,NASDAQ,$1.5B,Consumer Services,MNRO,Automotive Aftermarket,72.6
79,NASDAQ,$167.44M,Consumer Services,GAIA,Movies/Entertainment,46.5
80,NASDAQ,n/a,Consumer Services,PLYAW,Hotels/Resorts,29.97
81,NYSE,$1.88B,Technology,KFY,Diversified Commercial Services,79.42
82,NYSE,$99.14M,Capital Goods,BXC,Wholesale Distributors,55.48
83,NASDAQ,$6.29M,Health Care,PHMD,Biotechnology: Electromedical & Electrotherapeutic Apparatus,30.15
84,NASDAQ,$4.12B,Technology,AZPN,EDP Services,45.27
85,NASDAQ,$345.67M,Consumer Services,SCVL,Clothing/Shoe/Accessory Stores,60.93
86,NYSE,$175.48M,Capital Goods,AP,Fluid Controls,71.8
87,NYSE,$88.73M,Consumer Services,LUB,Restaurants,94.56
88,NYSE,$156.37M,n/a,LGI,n/a,34.86
89,NYSE,$266.9M,n/a,EMF,n/a,80.58
90,NYSE,n/a,n/a,GSN,n/a,8.25
91,NYSE,$1.97B,Consumer Non-Durables,SITE,Farming/Seeds/Milling,19.09
92,NASDAQ,$121.54M,Health Care,VVUS,Major Pharmaceuticals,61.07
93,NASDAQ,$40.95M,n/a,FEMB,n/a,41.52
94,NASDAQ,$10.99M,Energy,RCON,Oilfield Services/Equipment,97.83
95,NASDAQ,$1.07B,Technology,APPN,Computer Software: Prepackaged Software,15.28
96,NASDAQ,$326.22M,Health Care,OVID,Major Pharmaceuticals,13.13
97,NASDAQ,n/a,Finance,AMBCW,Property-Casualty Insurers,86.79
98,NASDAQ,$93.93M,Health Care,OPHT,Major Pharmaceuticals,72.01
99,NYSE,$3.23B,Consumer Services,AMC,Movies/Entertainment,78.22
100,NASDAQ,$629.83M,Consumer Durables,KBAL,Home Furnishings,29.11
101,NASDAQ,$164.43M,n/a,KBWR,n/a,62.99
102,NYSE,$5.33B,Consumer Services,HIW,Real Estate Investment Trusts,42.78
103,NYSE,n/a,Consumer Services,RFTA,Real Estate Investment Trusts,19.01
104,NASDAQ,$76.92M,n/a,ISHG,n/a,86.43
105,NYSE,n/a,n/a,OFGD,n/a,38.43
106,NYSE,n/a,n/a,AGM.A,n/a,42.92
107,NASDAQ,$27.19M,Health Care,VICL,Biotechnology: Biological Products (No Diagnostic Substances),96.14
108,NASDAQ,$195.09M,Consumer Non-Durables,BDE,Recreational Products/Toys,34.75
109,NYSE,$2.33B,Finance,ABM,Diversified Commercial Services,46.61
110,NYSE,$4.34B,Consumer Non-Durables,EPC,Package Goods/Cosmetics,85.39
111,NYSE,$84.47M,n/a,FEO,n/a,80.11
112,NASDAQ,$2.09B,Consumer Services,URBN,Clothing/Shoe/Accessory Stores,24.17
113,NYSE,$1.33B,Capital Goods,FIX,Engineering & Construction,68.52
114,NYSE,$513.58M,Basic Industries,FTK,Major Chemicals,96.89
115,NYSE,$445.12M,Energy,BPT,Integrated oil Companies,76.25
116,NASDAQ,$64.41M,n/a,FYT,n/a,81.63
117,NYSE,$27.15B,Finance,STI,Major Banks,7.54
118,NYSE,n/a,Consumer Services,CCZ,Television Services,64.68
119,NYSE,$187.27B,Consumer Services,HD,RETAIL: Building Materials,34.4
120,NYSE,$608.38M,Energy,ESTE,Oil & Gas Production,5.53
121,NASDAQ,$5.99B,Finance,CG,Investment Managers,21.18
122,NASDAQ,$173.77M,Public Utilities,AKTS,Telecommunications Equipment,16.51
123,NYSE,n/a,n/a,FRCE,n/a,22.9
124,NASDAQ,$7.72B,Finance,MKTX,Investment Bankers/Brokers/Service,99.94
125,NYSE,$60.28B,Finance,UBS,Major Banks,39.54
126,NYSE,$532.95M,n/a,AWP,n/a,15.5
127,NASDAQ,$434.24M,Finance,NTRSP,Major Banks,65.77
128,NASDAQ,n/a,n/a,CID,n/a,37.31
129,NASDAQ,$498.65M,Health Care,JNCE,Biotechnology: Biological Products (No Diagnostic Substances),83.57
130,NYSE,$681.36M,Capital Goods,MHO,Homebuilding,94.02
131,NYSE,$649.98M,Consumer Services,BOXC,Real Estate Investment Trusts,50.87
132,NASDAQ,$263.7M,Health Care,VYGR,Biotechnology: Biological Products (No Diagnostic Substances),33.8
133,NASDAQ,$600.74M,Finance,PEBO,Major Banks,86.18
134,NASDAQ,n/a,Finance,OACQW,Business Services,43.57
135,NYSE,$11.1B,Consumer Services,DRI,Restaurants,64.53
136,NYSE,n/a,n/a,GJR,n/a,24.85
137,NASDAQ,$261.63M,Capital Goods,LCUT,Industrial Machinery/Components,46.04
138,NASDAQ,n/a,n/a,NDRAW,n/a,8.82
139,NYSE,$790.37M,Basic Industries,SXCP,Steel/Iron Ore,66.59
140,NYSE,n/a,n/a,AHPB,n/a,83.27
141,NYSE,$555.7M,n/a,NBB,n/a,79.84
142,NASDAQ,$1.19B,Technology,AAOI,Semiconductors,45.65
143,NASDAQ,$861.13M,Health Care,IRTC,Medical/Dental Instruments,57.76
144,NASDAQ,$8.96B,Miscellaneous,CDK,Business Services,80.05
145,NYSE,$1.85B,Health Care,TDOC,Medical/Nursing Services,9.25
146,NASDAQ,$5.79B,Finance,CBSH,Major Banks,40.9
147,NYSE,$6.47B,Capital Goods,TER,Electrical Products,67.31
148,NASDAQ,$215.85M,Public Utilities,DGAS,Oil & Gas Production,27.28
149,NYSE,$2.35B,Consumer Services,AKR,Real Estate Investment Trusts,16.68
150,NYSE,$262.32M,Consumer Services,ZOES,Restaurants,33.82
151,NYSE,$5.06B,Consumer Services,HHC,Real Estate Investment Trusts,77.73
152,NASDAQ,$106.79M,Technology,ASYS,Industrial Machinery/Components,25.15
153,NASDAQ,$31.21M,Consumer Services,ENG,Military/Government/Technical,84.56
154,NASDAQ,$72.33M,Health Care,APEN,Biotechnology: Biological Products (No Diagnostic Substances),81.81
155,NYSE,$2.79B,Consumer Non-Durables,WCC,Telecommunications Equipment,50.68
156,NASDAQ,$2.56B,Basic Industries,BCPC,Major Chemicals,99.29
157,NASDAQ,$2.24B,Finance,TRMK,Major Banks,84.62
158,NYSE,n/a,n/a,JCO,n/a,65.33
159,NASDAQ,$18.78M,Energy,ESES,Oilfield Services/Equipment,42.71
160,NYSE,$240.93M,Health Care,ZYME,Major Pharmaceuticals,77.06
161,NYSE,$26.41B,Public Utilities,WCN,Environmental Services,4.45
162,NASDAQ,$139.62M,n/a,CMFN,n/a,86.21
163,NASDAQ,$8.47M,Technology,WSCI,Industrial Machinery/Components,18.82
164,NASDAQ,$64.48M,Consumer Services,DEST,Clothing/Shoe/Accessory Stores,51.19
165,NASDAQ,$136.01M,Health Care,SMMT,Major Pharmaceuticals,13.24
166,NASDAQ,n/a,Health Care,CYHHZ,Hospital/Nursing Management,6.39
167,NYSE,$112.59M,n/a,TLI,n/a,93.35
168,NYSE,n/a,Finance,AFGH,Property-Casualty Insurers,34.12
169,NASDAQ,$1.15B,Health Care,XLRN,Biotechnology: Biological Products (No Diagnostic Substances),5.18
170,NASDAQ,$8.74B,Consumer Services,SNI,Television Services,45.9
171,NASDAQ,$904.29M,n/a,INDY,n/a,10.89
172,NYSE,$2.35B,Basic Industries,IAG,Precious Metals,1.82
173,NASDAQ,$184.33M,Health Care,PIRS,Biotechnology: Commercial Physical & Biological Resarch,21.28
174,NYSE,$49.29B,Finance,BBDO,Major Banks,19.79
175,NYSE,$136.26M,n/a,IRR,n/a,71.78
176,NASDAQ,$208.13M,Finance,HALL,Property-Casualty Insurers,45.2
177,NYSE,$16.97B,Consumer Services,BBY,Consumer Electronics/Video Chains,91.41
178,NASDAQ,$1.62B,Technology,OCLR,Semiconductors,96.78
179,NASDAQ,$64.12M,Health Care,IPCI,Major Pharmaceuticals,21.18
180,NASDAQ,$204.1M,Finance,CIVB,Major Banks,95.0
181,NASDAQ,$323.86M,Capital Goods,CECE,Pollution Control Equipment,59.35
182,NYSE,$216.11M,n/a,EHT,n/a,22.87
183,NYSE,$534.63M,Consumer Non-Durables,UFI,Textiles,17.92
184,NYSE,$10.74B,Consumer Services,ARE,Real Estate Investment Trusts,22.65
185,NASDAQ,n/a,Health Care,CLRBZ,Major Pharmaceuticals,99.87
186,NASDAQ,$37.4B,Health Care,ESRX,Medical/Nursing Services,1.69
187,NYSE,$7.84B,Technology,AER,Diversified Commercial Services,23.96
188,NYSE,$2.19B,Basic Industries,CMP,Mining & Quarrying of Nonmetallic Minerals (No Fuels),29.22
189,NYSE,$2.4B,Energy,KOS,Oil & Gas Production,45.25
190,NASDAQ,n/a,Finance,BPFHW,Major Banks,64.01
191,NASDAQ,$2.63B,Technology,ACIW,Computer Software: Prepackaged Software,54.11
192,NASDAQ,$7.24B,Consumer Non-Durables,LULU,Apparel,82.9
193,NASDAQ,$16.39M,Miscellaneous,IKNX,Industrial Machinery/Components,16.65
194,NASDAQ,$786.07M,n/a,CHI,n/a,84.61
195,NYSE,$2.17B,Energy,MTDR,Oil & Gas Production,43.48
196,NYSE,n/a,n/a,DYN.WS.A,n/a,64.0
197,NYSE,n/a,Finance,THGA,Property-Casualty Insurers,5.86
198,NYSE,n/a,Finance,PVTD,Major Banks,45.58
199,NASDAQ,$1.22B,Technology,DIOD,Semiconductors,7.96
200,NYSE,$873.82M,Consumer Services,HIFR,Real Estate Investment Trusts,98.15
201,NASDAQ,$42.85M,n/a,UAE,n/a,69.82
202,NYSE,$1.01B,Public Utilities,USAC,Natural Gas Distribution,38.22
203,NASDAQ,$287.82M,Finance,CZNC,Major Banks,18.44
204,NASDAQ,$799.91M,Consumer Services,STKL,Farming/Seeds/Milling,85.9
205,NYSE,$854.52M,n/a,NTG,n/a,48.48
206,NASDAQ,$3.11B,Technology,WIX,"Computer Software: Programming, Data Processing",45.28
207,NYSE,$3.04B,Consumer Services,BXMT,Real Estate Investment Trusts,81.19
208,NASDAQ,n/a,Consumer Services,TACOW,Restaurants,36.6
209,NYSE,$170.57M,n/a,JRI,n/a,59.44
210,NYSE,$2.15B,Health Care,HAE,Medical/Dental Instruments,69.04
211,NYSE,n/a,Finance,XKE,Finance: Consumer Services,63.79
212,NASDAQ,$471M,Capital Goods,CTRL,Electrical Products,64.44
213,NASDAQ,$3.1B,Technology,FNSR,Semiconductors,46.23
214,NASDAQ,$317.23M,Miscellaneous,SREV,Business Services,48.2
215,NYSE,$1.26B,Consumer Services,ADC,Real Estate Investment Trusts,25.96
216,NYSE,n/a,Finance,PFK,Life Insurance,93.68
217,NASDAQ,$16.98M,n/a,RFAP,n/a,26.35
218,NASDAQ,$479.19M,Finance,NCBS,Major Banks,42.17
219,NASDAQ,$436.93M,Technology,MDCA,Advertising,21.36
220,NYSE,n/a,n/a,ARRB,n/a,8.63
221,NASDAQ,$83.56M,Health Care,VCEL,Biotechnology: Biological Products (No Diagnostic Substances),63.61
222,NYSE,n/a,n/a,DYN.WS,n/a,12.54
223,NASDAQ,$63.62M,Technology,EVOL,EDP Services,59.63
224,NYSE,$1.83B,Consumer Services,PRTY,Other Specialty Stores,39.04
225,NASDAQ,$184.63M,Public Utilities,CWCO,Water Supply,79.42
226,NYSE,$84.47M,n/a,FEO,n/a,1.26
227,NASDAQ,$461.58M,Finance,BLVD,Business Services,68.08
228,NYSE,$198.43M,Basic Industries,ORN,Military/Government/Technical,82.83
229,NYSE,$12.41B,Basic Industries,LEN,Homebuilding,49.04
230,NASDAQ,$844.04M,Health Care,AFAM,Medical/Nursing Services,46.37
231,NASDAQ,$1.78B,Finance,ABCB,Major Banks,24.28
232,NASDAQ,$661.16M,n/a,IFV,n/a,75.49
233,NYSE,$2.61B,Capital Goods,NAV,Auto Manufacturing,93.98
234,NYSE,$6.33B,Consumer Non-Durables,USFD,Food Distributors,82.67
235,NASDAQ,$25.01B,Consumer Services,LBTYA,Television Services,39.57
236,NYSE,$14.4B,Public Utilities,FTS,Electric Utilities: Central,4.16
237,NASDAQ,$119.14M,Finance,ACFC,Savings Institutions,84.71
238,NYSE,$24.67B,Consumer Services,VTR,Real Estate Investment Trusts,24.15
239,NYSE,$2.61B,Consumer Durables,TPX,Home Furnishings,42.75
240,NYSE,$854.52M,n/a,NTG,n/a,51.93
241,NASDAQ,$61.17M,Miscellaneous,HPJ,Industrial Machinery/Components,10.37
242,NASDAQ,$37M,Finance,NSEC,Life Insurance,24.65
243,NYSE,$90.35B,Health Care,LLY,Major Pharmaceuticals,12.64
244,NASDAQ,$122.51M,n/a,DHXM,n/a,13.78
245,NASDAQ,$4.9M,Finance,DFVL,Commercial Banks,72.91
246,NASDAQ,$302.35M,Miscellaneous,CRAI,Other Consumer Services,87.96
247,NYSE,$4.27B,Consumer Non-Durables,CRI,Apparel,56.62
248,NASDAQ,$68.96M,Energy,SNDE,Oil & Gas Production,3.45
249,NYSE,$6.57B,Capital Goods,WBC,Auto Manufacturing,87.51
250,NASDAQ,$2.18B,Consumer Services,GLNG,Marine Transportation,25.75
251,NYSE,$133.53M,Transportation,NM,Marine Transportation,64.92
252,NASDAQ,$473.38M,Finance,FCBC,Major Banks,86.4
253,NYSE,n/a,n/a,NEEG,n/a,87.34
254,NYSE,$2.78B,Capital Goods,WOR,Steel/Iron Ore,69.34
255,NASDAQ,$2.68B,Capital Goods,ITRI,Electrical Products,51.15
256,NYSE,$3.4B,Transportation,SWFT,Trucking Freight/Courier Services,46.31
257,NASDAQ,$8.75B,Health Care,ALKS,Major Pharmaceuticals,72.38
258,NYSE,n/a,Public Utilities,TVE,Electric Utilities: Central,47.13
259,NYSE,$87.46B,Health Care,AZN,Major Pharmaceuticals,2.75
260,NASDAQ,$462.31M,Finance,HTBI,Savings Institutions,56.48
261,NASDAQ,n/a,Public Utilities,TMUSP,Telecommunications Equipment,46.5
262,NASDAQ,$28.08M,n/a,FCEF,n/a,82.21
263,NASDAQ,n/a,Finance,CATYW,Major Banks,5.74
264,NASDAQ,$146.63M,Consumer Services,SBRAP,Real Estate Investment Trusts,88.44
265,NASDAQ,$31.21M,Consumer Services,ENG,Military/Government/Technical,99.28
266,NASDAQ,$15.36M,Consumer Services,LTBR,Professional Services,29.94
267,NYSE,$3.18B,Miscellaneous,ENR,Industrial Machinery/Components,69.83
268,NYSE,$2.05B,Energy,HEP,Natural Gas Distribution,61.39
269,NYSE,$273.41M,n/a,MTT,n/a,49.56
270,NASDAQ,$2.86B,Capital Goods,AEIS,Industrial Machinery/Components,81.83
271,NYSE,$1.26B,Consumer Services,ADC,Real Estate Investment Trusts,92.0
272,NASDAQ,n/a,Finance,GTYHW,Business Services,20.53
273,NASDAQ,$87.9M,Consumer Durables,AMSC,Metal Fabrications,84.53
274,NYSE,$973.21M,Finance,MMI,Real Estate,96.14
275,NYSE,$7.49B,Consumer Services,ELS,Real Estate Investment Trusts,12.98
276,NASDAQ,$4.33B,Technology,CY,Semiconductors,73.12
277,NASDAQ,$107.22M,Capital Goods,FLDM,Biotechnology: Laboratory Analytical Instruments,70.36
278,NYSE,$16.97B,Consumer Services,BBY,Consumer Electronics/Video Chains,91.79
279,NASDAQ,$283.59M,n/a,NEWT,n/a,87.24
280,NASDAQ,$46.33B,Technology,AMAT,Semiconductors,42.2
281,NASDAQ,$179.38M,Finance,CFNB,Major Banks,25.18
282,NASDAQ,$198.29M,Finance,TVIX,Investment Bankers/Brokers/Service,83.4
283,NASDAQ,$139.62M,n/a,CMFN,n/a,14.74
284,NYSE,$983.79M,n/a,ETV,n/a,15.38
285,NYSE,$8.42B,Transportation,CEA,Air Freight/Delivery Services,35.31
286,NASDAQ,$7.82B,Technology,SSNC,Computer Software: Prepackaged Software,62.29
287,NASDAQ,$1.92B,Consumer Services,PCH,Real Estate Investment Trusts,74.6
288,NYSE,$112.52M,Finance,JMP,Investment Bankers/Brokers/Service,79.49
289,NYSE,$6.2B,Capital Goods,FLS,Fluid Controls,75.14
290,NASDAQ,$30.7M,Technology,FSNN,Computer Software: Prepackaged Software,1.97
291,NASDAQ,$1.83B,Consumer Services,CZR,Hotels/Resorts,13.03
292,NYSE,$3.12B,Technology,INXN,"Computer Software: Programming, Data Processing",34.37
293,NASDAQ,$749.53M,Health Care,XENT,Medical/Dental Instruments,27.16
294,NYSE,$13.93B,Health Care,ANTX,Medical Specialities,11.49
295,NYSE,$4.42B,Consumer Services,CUBE,Real Estate Investment Trusts,77.44
296,NYSE,$985.28M,Energy,PDS,Oil & Gas Production,16.54
297,NASDAQ,$8.39B,Miscellaneous,ZG,Business Services,59.93
298,NYSE,$13B,Consumer Non-Durables,COH,Apparel,62.71
299,NASDAQ,$610.36M,Capital Goods,PGTI,Building Products,8.84
300,NASDAQ,$128.8M,n/a,KCAP,n/a,1.29
301,NYSE,$943.59M,n/a,AOD,n/a,25.9
302,NYSE,$1.9B,Consumer Durables,CTB,Automotive Aftermarket,89.3
303,NYSE,$60.28B,Finance,UBS,Major Banks,10.14
304,NYSE,$2.05B,Finance,ALEX,Real Estate,94.5
305,NYSE,$9.06B,Consumer Services,FRT,Real Estate Investment Trusts,36.01
306,NASDAQ,$72.33M,Health Care,APEN,Biotechnology: Biological Products (No Diagnostic Substances),72.63
307,NASDAQ,$655.59M,Finance,HONE,Major Banks,42.08
308,NASDAQ,$975.87M,Technology,SCSC,Retail: Computer Software & Peripheral Equipment,6.07
309,NASDAQ,$75.03M,Finance,BYBK,Major Banks,44.18
310,NASDAQ,$121.38M,Health Care,PSTI,Biotechnology: Biological Products (No Diagnostic Substances),48.98
311,NYSE,$4.93B,Finance,DFT,Real Estate,49.71
312,NASDAQ,$560.24M,Consumer Services,ESND,Paper,93.86
313,NASDAQ,$1.45B,Finance,WSFS,Major Banks,66.26
314,NYSE,$3.81B,Finance,LM,Investment Managers,33.86
315,NYSE,$1.08B,Technology,TRTN,Diversified Commercial Services,54.62
316,NASDAQ,$1.59B,Consumer Durables,CENT,Consumer Specialties,34.58
317,NASDAQ,$445.86M,Health Care,TCMD,Medical/Dental Instruments,70.14
318,NYSE,$603.44M,Energy,WPT,Oil Refining/Marketing,52.26
319,NASDAQ,$115.53M,Technology,MNTX,Industrial Machinery/Components,82.03
320,NASDAQ,$199.67M,n/a,RFDI,n/a,46.8
321,NASDAQ,$155.4M,Finance,TCBIP,Major Banks,18.02
322,NASDAQ,$1.09B,Finance,STFC,Property-Casualty Insurers,26.8
323,NASDAQ,$1.44M,Basic Industries,YTEN,Containers/Packaging,65.56
324,NASDAQ,$361.9M,n/a,TICC,n/a,86.31
325,NYSE,$3.65B,Consumer Services,STAY,Hotels/Resorts,20.12
326,NYSE,$1.06B,Consumer Services,CMO,Real Estate Investment Trusts,79.45
327,NASDAQ,$459.34M,Health Care,TLGT,Major Pharmaceuticals,76.52
328,NYSE,n/a,n/a,PLE,n/a,17.04
329,NASDAQ,$428.18M,Finance,TBK,Major Banks,50.86
330,NYSE,n/a,n/a,NTEST.A,n/a,20.3
331,NYSE,$116.38B,Energy,PTR,Oil & Gas Production,51.24
332,NYSE,$6.2B,Capital Goods,FLS,Fluid Controls,75.37
333,NASDAQ,$397.33M,Technology,BV,Computer Software: Prepackaged Software,70.27
334,NASDAQ,$53.93M,Health Care,LENS,Medical/Dental Instruments,73.54
335,NASDAQ,$769.94M,Basic Industries,MERC,Paper,63.63
336,NASDAQ,$1.83B,Basic Industries,UFPI,Forest Products,93.34
337,NYSE,$19.25B,Finance,HIG,Property-Casualty Insurers,1.89
338,NASDAQ,$4.27B,Finance,FHB,Major Banks,90.35
339,NASDAQ,$56.08M,Health Care,LFVN,Major Pharmaceuticals,17.91
340,NYSE,n/a,n/a,MHOA,n/a,76.26
341,NASDAQ,$178.72M,Technology,JMU,EDP Services,27.14
342,NASDAQ,$33.92M,Consumer Durables,EGT,Miscellaneous manufacturing industries,67.25
343,NASDAQ,$173.85M,Finance,SBCP,Savings Institutions,86.65
344,NYSE,$63.73B,Energy,ENB,Natural Gas Distribution,80.8
345,NASDAQ,$462.31M,Finance,HTBI,Savings Institutions,14.85
346,NASDAQ,$145.12M,Health Care,SVRA,Major Pharmaceuticals,89.21
347,NASDAQ,$9.66B,Capital Goods,GRMN,Industrial Machinery/Components,5.91
348,NYSE,$4.06B,Energy,VET,Oil & Gas Production,17.36
349,NASDAQ,$54.95M,Health Care,LPTX,Biotechnology: Biological Products (No Diagnostic Substances),74.4
350,NASDAQ,$25.45M,Health Care,OCRX,Major Pharmaceuticals,64.52
351,NYSE,$8.18B,Consumer Non-Durables,PVH,Apparel,92.98
352,NASDAQ,$5.5B,Capital Goods,OLED,Electrical Products,44.13
353,NASDAQ,$73.91M,Health Care,MEIP,Major Pharmaceuticals,58.58
354,NYSE,n/a,n/a,BMLH,n/a,46.66
355,NYSE,$107.03M,n/a,HTY,n/a,25.33
356,NASDAQ,$118.89M,Health Care,ARWR,Major Pharmaceuticals,8.11
357,NYSE,$2.95B,Capital Goods,TEN,Auto Parts:O.E.M.,62.41
358,NYSE,$31.41B,Health Care,TEVA,Major Pharmaceuticals,71.39
359,NASDAQ,n/a,Capital Goods,EACQW,Building Products,43.55
360,NASDAQ,$769.94M,Basic Industries,MERC,Paper,39.69
361,NASDAQ,$413.03M,Consumer Durables,FLXS,Home Furnishings,39.1
362,NASDAQ,$13.76B,Consumer Services,WYNN,Hotels/Resorts,20.85
363,NYSE,$156.37M,n/a,LGI,n/a,13.7
364,NYSE,$8.45B,Basic Industries,WPM,Precious Metals,77.41
365,NYSE,n/a,n/a,RSOB,n/a,11.31
366,NYSE,$1.56B,Consumer Services,LADR,Real Estate Investment Trusts,53.85
367,NYSE,$2.88B,Capital Goods,TMHC,Homebuilding,63.7
368,NYSE,$1.59B,Energy,ARCH,Coal Mining,81.45
369,NASDAQ,$112.5M,Basic Industries,AMRK,Other Specialty Stores,20.87
370,NASDAQ,$7.96B,Technology,SPLK,Computer Software: Prepackaged Software,70.05
371,NASDAQ,$4.17B,Health Care,AKRX,Major Pharmaceuticals,43.67
372,NYSE,$38.81B,Basic Industries,PX,Major Chemicals,4.22
373,NASDAQ,$122.36M,Finance,CIZN,Major Banks,79.21
374,NASDAQ,n/a,Finance,WYIGW,Business Services,89.09
375,NASDAQ,$18.34M,Consumer Durables,STLY,Home Furnishings,32.35
376,NASDAQ,$118.89M,Health Care,ARWR,Major Pharmaceuticals,92.19
377,NYSE,$1.18B,Miscellaneous,QUAD,Publishing,69.73
378,NASDAQ,n/a,Health Care,CERCW,Major Pharmaceuticals,62.88
379,NASDAQ,n/a,Health Care,NDRAU,Biotechnology: Electromedical & Electrotherapeutic Apparatus,74.04
380,NYSE,n/a,n/a,CFCB,n/a,32.93
381,NYSE,n/a,n/a,GSK,n/a,58.12
382,NYSE,$3.75B,Consumer Services,CHH,Hotels/Resorts,52.19
383,NYSE,$128.56M,n/a,SPE,n/a,7.85
384,NASDAQ,$6.56B,Health Care,ALNY,Major Pharmaceuticals,83.61
385,NYSE,n/a,n/a,KEYI,n/a,58.46
386,NYSE,$6.28B,Public Utilities,EOCC,Electric Utilities: Central,87.28
387,NYSE,n/a,n/a,TGPA,n/a,7.35
388,NASDAQ,$861.13M,Health Care,IRTC,Medical/Dental Instruments,71.12
389,NASDAQ,$6.28B,Health Care,ABMD,Medical/Dental Instruments,35.59
390,NASDAQ,$35.28M,Finance,CART,Major Banks,55.68
391,NYSE,$87.31B,Finance,GS,Investment Bankers/Brokers/Service,20.27
392,NASDAQ,$74.82M,Health Care,MRTX,Major Pharmaceuticals,7.41
393,NASDAQ,$3.49B,Consumer Durables,SLGN,Containers/Packaging,95.14
394,NASDAQ,$97.38M,Finance,UGLD,Investment Bankers/Brokers/Service,6.6
395,NYSE,$664.71M,Energy,TLP,Natural Gas Distribution,27.82
396,NYSE,n/a,n/a,SCHWC,n/a,13.8
397,NYSE,n/a,n/a,DSD,n/a,53.33
398,NYSE,$4.19B,Miscellaneous,FICO,Business Services,6.32
399,NASDAQ,$195.15M,Health Care,NEOS,Major Pharmaceuticals,77.74
400,NASDAQ,$60.66M,Technology,LINK,Computer peripheral equipment,46.28
401,NYSE,n/a,n/a,MSCA,n/a,20.09
402,NASDAQ,$13.08M,Energy,LGCYP,Oil & Gas Production,37.86
403,NYSE,n/a,Finance,JBK,Finance: Consumer Services,92.64
404,NASDAQ,$814.95M,Technology,LSCC,Semiconductors,90.05
405,NASDAQ,$2.3B,Technology,EFII,Computer Communications Equipment,22.14
406,NASDAQ,$1.63B,Health Care,AAAP,Major Pharmaceuticals,92.43
407,NASDAQ,$1.21B,Technology,EIGI,Computer Software: Prepackaged Software,57.94
408,NASDAQ,n/a,Health Care,KTOVW,Major Pharmaceuticals,59.95
409,NASDAQ,$183.57M,Consumer Services,ASCMA,Other Consumer Services,52.47
410,NASDAQ,$5.4M,Finance,DLBL,Commercial Banks,51.7
411,NASDAQ,$1.45B,Energy,ARLP,Coal Mining,27.14
412,NYSE,n/a,n/a,SANC,n/a,32.72
413,NYSE,$58.06M,n/a,NCB,n/a,90.74
414,NASDAQ,$145.67M,Capital Goods,WKHS,Auto Manufacturing,67.69
415,NASDAQ,$2.84B,Consumer Services,PLAY,Restaurants,98.14
416,NASDAQ,$1.99B,Technology,TTD,"Computer Software: Programming, Data Processing",96.65
417,NASDAQ,$806.79M,Finance,HMST,Major Banks,21.01
418,NASDAQ,$85M,Miscellaneous,MLNK,Business Services,35.49
419,NYSE,$345.32M,Consumer Services,STON,Other Consumer Services,50.09
420,NASDAQ,$1.32B,Public Utilities,GNCMA,Telecommunications Equipment,37.17
421,NASDAQ,$72.81M,Capital Goods,PSDV,Biotechnology: Laboratory Analytical Instruments,19.46
422,NASDAQ,$4.64B,Finance,CACC,Finance: Consumer Services,67.88
423,NYSE,$871.53M,Consumer Services,MYCC,Hotels/Resorts,89.0
424,NYSE,$369.08M,Technology,PKE,Electrical Products,6.66
425,NYSE,$787.59M,Health Care,USPH,Medical/Nursing Services,58.15
426,NYSE,$1.44B,Technology,GLOB,EDP Services,19.22
427,NASDAQ,$472.51M,Basic Industries,MPVD,Precious Metals,37.67
428,NASDAQ,$5.27M,Public Utilities,MTSL,Telecommunications Equipment,66.48
429,NASDAQ,$2.08B,Capital Goods,MATW,Metal Fabrications,91.4
430,NASDAQ,$74.82M,Health Care,MRTX,Major Pharmaceuticals,18.46
431,NYSE,$1.54B,Consumer Non-Durables,AVP,Package Goods/Cosmetics,33.99
432,NASDAQ,$422.69M,Consumer Services,TRNC,Newspapers/Magazines,79.54
433,NYSE,$701.96M,n/a,EOS,n/a,17.85
434,NASDAQ,$136.87M,Finance,FCCY,Savings Institutions,93.61
435,NYSE,n/a,Consumer Non-Durables,TSNU,Meat/Poultry/Fish,40.22
436,NYSE,n/a,Finance,LMHB,Investment Managers,58.13
437,NASDAQ,$40.31M,Consumer Non-Durables,BEBE,Apparel,37.38
438,NASDAQ,$474.2M,Finance,PUB,Major Banks,73.23
439,NASDAQ,$1.81B,Technology,GRPN,Advertising,62.96
440,NYSE,$1.26B,Consumer Services,JOE,Homebuilding,36.42
441,NASDAQ,$233.83M,Health Care,CERS,Medical/Dental Instruments,25.05
442,NASDAQ,$72.33M,Health Care,APEN,Biotechnology: Biological Products (No Diagnostic Substances),37.62
443,NASDAQ,$317.23M,Miscellaneous,SREV,Business Services,26.67
444,NASDAQ,$225.24M,Finance,USLV,Investment Bankers/Brokers/Service,16.27
445,NASDAQ,$512.55M,Health Care,LMAT,Medical/Dental Instruments,4.25
446,NYSE,$87.89M,n/a,BSE,n/a,65.23
447,NYSE,$27.68B,Consumer Services,HCN,Real Estate Investment Trusts,80.82
448,NASDAQ,$42.49M,Health Care,OREX,Major Pharmaceuticals,32.6
449,NYSE,n/a,Finance,JBK,Finance: Consumer Services,17.47
450,NASDAQ,$70.33M,Consumer Non-Durables,UG,Package Goods/Cosmetics,7.47
451,NYSE,$1.06B,n/a,HRI,n/a,33.69
452,NYSE,$1.6B,Miscellaneous,EEX,Business Services,42.37
453,NYSE,$884.58M,Basic Industries,MTL,Steel/Iron Ore,94.17
454,NASDAQ,$168.26M,Finance,MBCN,Major Banks,87.72
455,NYSE,$29.24B,Finance,CS,Investment Bankers/Brokers/Service,81.42
456,NYSE,$3.52B,Basic Industries,X,Steel/Iron Ore,53.82
457,NASDAQ,$725.75M,Technology,CHUBA,Computer Software: Prepackaged Software,90.89
458,NYSE,$897.42M,Basic Industries,ASIX,Major Chemicals,5.61
459,NASDAQ,$79.27M,Health Care,NVET,Major Pharmaceuticals,61.19
460,NASDAQ,$442.96M,Finance,AROW,Major Banks,10.82
461,NYSE,$4.93B,Finance,FAF,Specialty Insurers,56.76
462,NASDAQ,$1.44M,Basic Industries,YTEN,Containers/Packaging,95.29
463,NYSE,$351.32M,Finance,OCN,Finance: Consumer Services,80.32
464,NASDAQ,$6.74M,Capital Goods,CHCI,Homebuilding,34.82
465,NYSE,$1.35B,Public Utilities,GTT,Telecommunications Equipment,98.36
466,NASDAQ,n/a,Basic Industries,MRDNW,Miscellaneous,78.89
467,NYSE,$32.74B,Finance,ALL,Property-Casualty Insurers,39.17
468,NYSE,$238.94M,n/a,BPK,n/a,50.96
469,NASDAQ,$600.46M,Technology,TCX,EDP Services,91.25
470,NYSE,$317.4M,Basic Industries,XIN,Homebuilding,8.41
471,NASDAQ,$32.98M,Health Care,BIOC,Medical Specialities,5.27
472,NASDAQ,n/a,Finance,MMDMW,Business Services,61.97
473,NYSE,$1.55B,Basic Industries,CBI,Engineering & Construction,20.34
474,NYSE,$1.75B,Consumer Durables,HNI,Office Equipment/Supplies/Services,1.28
475,NYSE,$3.11B,Finance,SF,Investment Bankers/Brokers/Service,28.67
476,NYSE,n/a,n/a,AHLD,n/a,77.94
477,NYSE,n/a,Consumer Services,EQCO,Real Estate Investment Trusts,65.95
478,NASDAQ,$153.96M,Finance,ENFC,Banks,95.11
479,NASDAQ,$13.88B,Consumer Services,LSXMK,Broadcasting,18.91
480,NASDAQ,$361.9M,n/a,TICC,n/a,42.16
481,NASDAQ,$18.77M,Health Care,PRAN,Major Pharmaceuticals,52.34
482,NASDAQ,$119.06M,Finance,SBBX,Major Banks,84.95
483,NASDAQ,$61M,Finance,NICK,Finance Companies,45.14
484,NASDAQ,$55.33M,Transportation,USAK,Trucking Freight/Courier Services,96.2
485,NYSE,$17.51B,Basic Industries,NEM,Precious Metals,32.43
486,NASDAQ,$1.23M,n/a,MAUI,n/a,66.95
487,NYSE,$2.7B,Consumer Services,MANU,Services-Misc. Amusement & Recreation,47.9
488,NYSE,n/a,n/a,DLNGA,n/a,12.31
489,NYSE,n/a,Public Utilities,NMKC,Power Generation,27.47
490,NASDAQ,$1.65B,Finance,NWBI,Major Banks,10.24
491,NASDAQ,$294.48M,Finance,BPOPN,Major Banks,43.3
492,NASDAQ,$6.65B,Technology,FTNT,Computer peripheral equipment,8.0
493,NASDAQ,$316.82M,Technology,SGH,Semiconductors,50.0
494,NYSE,$733.65M,Capital Goods,NX,Metal Fabrications,16.83
495,NASDAQ,n/a,Finance,LCAHU,Business Services,88.1
496,NASDAQ,$312.06M,Consumer Non-Durables,SGC,Apparel,34.74
497,NYSE,$760.1M,Consumer Services,TRK,Services-Misc. Amusement & Recreation,3.51
498,NYSE,$1.21B,Consumer Non-Durables,AGRO,Farming/Seeds/Milling,83.21
499,NASDAQ,$1.04M,Health Care,PLXP,Major Pharmaceuticals,45.47
500,NYSE,$27.15B,Finance,STI,Major Banks,69.84
501,NASDAQ,$4.5M,Capital Goods,CCCL,Building Materials,34.18
502,NASDAQ,$18.83M,Health Care,CBIO,Major Pharmaceuticals,78.15
503,NASDAQ,$1.37B,Energy,AHGP,Coal Mining,96.3
504,NASDAQ,$254.48M,Health Care,CRIS,Biotechnology: Biological Products (No Diagnostic Substances),53.39
505,NASDAQ,n/a,Transportation,HUNTU,Oil Refining/Marketing,66.97
506,NYSE,$79.22M,Energy,VOC,Oil & Gas Production,75.84
507,NYSE,$1.07B,Finance,STC,Specialty Insurers,20.3
508,NYSE,$625.05M,Technology,UIS,EDP Services,29.28
509,NYSE,n/a,n/a,EPRF,n/a,27.27
510,NASDAQ,$182.92M,Finance,BOCH,Major Banks,11.03
511,NYSE,$4.21B,Finance,VR,Property-Casualty Insurers,86.09
512,NYSE,$1.35B,Consumer Services,CYS,Real Estate Investment Trusts,39.28
513,NASDAQ,$41.59M,Technology,PRKR,Radio And Television Broadcasting And Communications Equipment,23.65
514,NASDAQ,n/a,Finance,KBLMU,Business Services,7.25
515,NYSE,$26.36B,Energy,APC,Oil & Gas Production,10.88
516,NASDAQ,$288.75M,Health Care,CRBP,Major Pharmaceuticals,89.69
517,NASDAQ,$188.85M,Public Utilities,PCYO,Water Supply,33.6
518,NYSE,$332.64M,Basic Industries,LXFR,Major Chemicals,5.03
519,NASDAQ,n/a,Finance,GBLIZ,Property-Casualty Insurers,29.61
520,NASDAQ,$7.66B,Consumer Services,GLPI,Real Estate Investment Trusts,74.9
521,NYSE,$208.93M,n/a,FAM,n/a,15.88
522,NASDAQ,n/a,Consumer Services,FWONA,Broadcasting,12.46
523,NASDAQ,$125.85M,Technology,GFN,Diversified Commercial Services,5.7
524,NYSE,n/a,n/a,DYN.WS.A,n/a,61.16
525,NYSE,$16.17B,Consumer Non-Durables,CAG,Packaged Foods,70.42
526,NASDAQ,n/a,Finance,FMCIW,Business Services,47.16
527,NASDAQ,$101.86M,n/a,FDIV,n/a,24.86
528,NYSE,$3.17B,Miscellaneous,RBA,Business Services,78.4
529,NYSE,n/a,n/a,APOA,n/a,78.42
530,NYSE,n/a,Finance,COFC,Major Banks,4.23
531,NASDAQ,$474.65M,Finance,OKSB,Major Banks,34.97
532,NYSE,n/a,n/a,PSAZ,n/a,29.25
533,NASDAQ,$1.05B,Technology,TLND,Computer Software: Prepackaged Software,73.88
534,NASDAQ,$125.21M,Technology,SSTI,Computer Software: Prepackaged Software,6.21
535,NASDAQ,$126.29M,Finance,GLDI,Investment Bankers/Brokers/Service,99.84
536,NYSE,$8.55B,Energy,ECA,Oil & Gas Production,6.57
537,NYSE,$96.49B,Capital Goods,UTX,Aerospace,22.8
538,NYSE,n/a,n/a,JW.A,n/a,78.24
539,NYSE,n/a,n/a,ALLC,n/a,46.69
540,NASDAQ,n/a,Finance,CPAAW,Business Services,47.12
541,NYSE,n/a,n/a,AGOF,n/a,65.47
542,NYSE,n/a,n/a,STARF,n/a,64.99
543,NYSE,$169.43M,Finance,BCRH,Property-Casualty Insurers,88.46
544,NYSE,$601.02M,n/a,ETJ,n/a,92.72
545,NASDAQ,n/a,n/a,CIZ,n/a,8.07
546,NYSE,$6.3B,Technology,TYL,Computer Software: Prepackaged Software,61.82
547,NASDAQ,$600.46M,Technology,TCX,EDP Services,22.95
548,NYSE,$23.33B,Basic Industries,IP,Paper,63.47
549,NYSE,n/a,n/a,VNOK,n/a,82.72
550,NASDAQ,$12.26M,Capital Goods,ARTW,Industrial Machinery/Components,61.66
551,NYSE,n/a,n/a,MSA,n/a,75.42
552,NASDAQ,$386.6M,Finance,PICO,Real Estate,31.84
553,NASDAQ,$65.89M,Basic Industries,TANH,Major Chemicals,32.08
554,NYSE,$1.07B,Finance,STC,Specialty Insurers,46.76
555,NASDAQ,$1.12B,Miscellaneous,GPRO,Industrial Machinery/Components,75.58
556,NYSE,$170.21M,Consumer Services,LITB,Catalog/Specialty Distribution,25.48
557,NASDAQ,n/a,Consumer Services,LSXMB,Broadcasting,5.23
558,NASDAQ,$192.38M,Public Utilities,CLFD,Telecommunications Equipment,26.87
559,NYSE,$9.04B,Consumer Services,IRM,Real Estate Investment Trusts,90.61
560,NYSE,$802.93M,n/a,PDT,n/a,65.57
561,NASDAQ,$1.77B,Miscellaneous,EXLS,Business Services,41.93
562,NASDAQ,$2.51B,Finance,YERR,Real Estate,23.82
563,NASDAQ,$436.92M,Finance,DGICA,Property-Casualty Insurers,31.55
564,NYSE,n/a,Public Utilities,UZC,Telecommunications Equipment,47.7
565,NYSE,n/a,n/a,RXNA,n/a,50.54
566,NYSE,n/a,n/a,VRA,n/a,63.12
567,NASDAQ,$7.54B,n/a,TLT,n/a,79.58
568,NASDAQ,$68.78M,Technology,CCUR,Computer Manufacturing,86.55
569,NYSE,$244.93M,Capital Goods,HCHC,Metal Fabrications,12.0
570,NASDAQ,$22.77M,Capital Goods,UNXL,Industrial Machinery/Components,90.52
571,NASDAQ,$2.46B,n/a,FV,n/a,61.59
572,NYSE,$191.02M,n/a,BNY,n/a,27.59
573,NASDAQ,$425.18M,Consumer Services,ASNA,Clothing/Shoe/Accessory Stores,49.67
574,NYSE,$410.12M,Public Utilities,WAAS,Water Supply,32.32
575,NYSE,$345.6M,n/a,NHF,n/a,6.48
576,NYSE,$34.2M,Finance,WAC,Finance: Consumer Services,24.91
577,NASDAQ,$932.44M,Miscellaneous,MGI,Business Services,84.41
578,NASDAQ,$795.07M,Technology,TYPE,EDP Services,90.43
579,NYSE,$49.95B,Health Care,AET,Medical Specialities,3.77
580,NASDAQ,$79.41B,Technology,TXN,Semiconductors,33.66
581,NYSE,$487.74M,Health Care,ENZ,Medical Specialities,60.83
582,NYSE,$1.46B,Technology,GIMO,EDP Services,94.01
583,NASDAQ,$60.4M,Health Care,IMMY,Major Pharmaceuticals,47.3
584,NYSE,$209.97M,n/a,BGIO,n/a,8.15
585,NASDAQ,$19.06M,n/a,QYLD,n/a,47.36
586,NYSE,$3.61B,n/a,NEA,n/a,76.03
587,NYSE,$193.59B,Consumer Non-Durables,KO,Beverages (Production/Distribution),62.42
588,NASDAQ,$51.37M,Technology,OTIV,Semiconductors,2.49
589,NYSE,$4.57B,Health Care,TARO,Major Pharmaceuticals,5.86
590,NASDAQ,$3.9B,Technology,VSAT,Radio And Television Broadcasting And Communications Equipment,31.12
591,NYSE,$4.21B,Energy,NS,Natural Gas Distribution,39.28
592,NASDAQ,$745.32M,Finance,GBNK,Major Banks,80.73
593,NYSE,n/a,Finance,AFSS,Property-Casualty Insurers,42.25
594,NYSE,n/a,n/a,GLOGA,n/a,65.98
595,NASDAQ,$3.57B,Technology,MTSI,Semiconductors,83.72
596,NASDAQ,$21.66M,Technology,PFIN,Industrial Machinery/Components,42.03
597,NYSE,$3.45B,Capital Goods,ERJ,Aerospace,68.63
598,NASDAQ,$333.23M,n/a,VTHR,n/a,28.25
599,NYSE,$2.2B,Technology,NEWR,Computer Software: Prepackaged Software,38.22
600,NYSE,$1.93B,Finance,GZT,Real Estate,60.41
601,NYSE,$864.67M,Consumer Non-Durables,SVU,Food Distributors,9.35
602,NASDAQ,$279M,Finance,BFIN,Savings Institutions,84.73
603,NASDAQ,$614.08M,Health Care,CYTK,Major Pharmaceuticals,18.63
604,NASDAQ,$35.14M,n/a,FLN,n/a,9.23
605,NYSE,$560.06M,n/a,JPI,n/a,96.28
606,NASDAQ,$2.27B,Energy,UPL,Oil & Gas Production,59.72
607,NASDAQ,$1.11B,n/a,GBDC,n/a,76.29
608,NASDAQ,$3.46B,Finance,CHFC,Major Banks,49.48
609,NASDAQ,$460.25M,Health Care,SYRS,Major Pharmaceuticals,82.13
610,NYSE,n/a,Public Utilities,DTQ,Electric Utilities: Central,54.18
611,NASDAQ,$531.54M,n/a,PNNT,n/a,23.89
612,NASDAQ,$187.49M,Finance,ORRF,Major Banks,61.8
613,NYSE,$1.05B,Consumer Services,EGL,Military/Government/Technical,25.3
614,NYSE,n/a,n/a,NEER,n/a,23.99
615,NYSE,n/a,n/a,HTD,n/a,73.99
616,NYSE,n/a,n/a,CLNSH,n/a,68.31
617,NYSE,$4.61B,Consumer Non-Durables,THS,Packaged Foods,36.67
618,NYSE,$113.18M,Basic Industries,XRM,Textiles,1.2
619,NASDAQ,$1.47B,Health Care,TVTY,Hospital/Nursing Management,8.51
620,NASDAQ,$286.11M,Consumer Durables,CRMT,Automotive Aftermarket,14.56
621,NYSE,$14.24B,Consumer Non-Durables,COTY,Package Goods/Cosmetics,14.62
622,NYSE,$649.92M,Transportation,SSW,Marine Transportation,56.79
623,NASDAQ,$11.29M,Consumer Durables,SGLB,Miscellaneous manufacturing industries,28.64
624,NYSE,n/a,Public Utilities,DTJ,Electric Utilities: Central,67.06
625,NASDAQ,$570.2M,Health Care,RGNX,Biotechnology: Biological Products (No Diagnostic Substances),18.49
626,NYSE,$22.46M,Energy,MTR,Oil & Gas Production,77.57
627,NYSE,$3.74B,Transportation,SNDR,Trucking Freight/Courier Services,21.13
628,NYSE,$19.23B,Consumer Services,DG,Department/Specialty Retail Stores,57.99
629,NYSE,n/a,Finance,USBA,Major Banks,98.27
630,NASDAQ,$95.54B,Health Care,CELG,Major Pharmaceuticals,70.97
631,NASDAQ,$454M,Energy,DMLP,Oil & Gas Production,32.79
632,NASDAQ,$553.04M,Consumer Services,GOOD,Real Estate,23.68
633,NASDAQ,$107.22M,Capital Goods,FLDM,Biotechnology: Laboratory Analytical Instruments,14.14
634,NYSE,n/a,n/a,DYN.WS,n/a,29.91
635,NYSE,$11.02B,Finance,CIB,Commercial Banks,54.07
636,NYSE,$1.08B,Technology,TRTN,Diversified Commercial Services,39.62
637,NYSE,$340.82M,Consumer Services,VEC,Diversified Commercial Services,38.18
638,NASDAQ,$7.15B,Consumer Services,PNRA,Restaurants,89.19
639,NYSE,$1.15B,Basic Industries,SWM,Paper,36.25
640,NYSE,$384.22M,Energy,PHX,Oil & Gas Production,36.22
641,NYSE,n/a,Finance,KWN,Real Estate,50.5
642,NYSE,$415.83M,n/a,DSM,n/a,87.72
643,NYSE,n/a,n/a,NYCBU,n/a,30.56
644,NASDAQ,$157.67M,Finance,GRIF,Real Estate,61.38
645,NYSE,n/a,n/a,BGEB,n/a,75.53
646,NASDAQ,n/a,Health Care,ONSIZ,Biotechnology: Biological Products (No Diagnostic Substances),20.2
647,NYSE,$323.02M,n/a,RMT,n/a,64.35
648,NYSE,$1.09B,Technology,AYX,Computer Software: Prepackaged Software,89.69
649,NASDAQ,$329.78M,Energy,CLMT,Integrated oil Companies,58.66
650,NYSE,$2.92B,Public Utilities,ENLC,Natural Gas Distribution,39.07
651,NYSE,$10.51B,Finance,AEG,Life Insurance,5.17
652,NYSE,n/a,n/a,HBM.WS,n/a,66.22
653,NASDAQ,$316.23M,Consumer Services,ZUMZ,Clothing/Shoe/Accessory Stores,12.11
654,NYSE,n/a,Energy,NSS,Natural Gas Distribution,63.9
655,NASDAQ,$6.2B,Finance,OZRK,Major Banks,55.1
656,NYSE,$2.87B,Consumer Services,UNF,Other Consumer Services,82.75
657,NASDAQ,n/a,Capital Goods,EACQU,Building Products,4.41
658,NYSE,$71.5B,Basic Industries,DD,Major Chemicals,22.38
659,NYSE,$1.84B,Consumer Services,REXR,Real Estate Investment Trusts,96.48
660,NYSE,$3.65B,Consumer Services,STAY,Hotels/Resorts,22.06
661,NASDAQ,$2.59B,Health Care,LPNT,Hospital/Nursing Management,33.57
662,NASDAQ,$818.25M,Technology,MGRC,Diversified Commercial Services,24.66
663,NYSE,$3.7B,Public Utilities,SWX,Oil & Gas Production,53.19
664,NASDAQ,$64.7M,Consumer Services,SHOS,Department/Specialty Retail Stores,51.84
665,NASDAQ,$2.65B,Consumer Services,FIVE,Department/Specialty Retail Stores,45.13
666,NASDAQ,$14.38M,Health Care,MBRX,Major Pharmaceuticals,58.33
667,NYSE,$465.13M,n/a,HPF,n/a,38.77
668,NYSE,$5.22B,Health Care,HRC,Medical/Dental Instruments,72.77
669,NASDAQ,$700.65M,Consumer Services,FORR,Diversified Commercial Services,79.62
670,NASDAQ,$76.52M,Consumer Non-Durables,TLF,Apparel,67.48
671,NASDAQ,$161.49M,Health Care,OBSV,Major Pharmaceuticals,76.11
672,NYSE,$186.02B,Technology,TSM,Semiconductors,15.1
673,NYSE,$7.24B,Consumer Services,WPC,Real Estate Investment Trusts,38.77
674,NASDAQ,n/a,Finance,HBANP,Major Banks,89.34
675,NASDAQ,n/a,Consumer Services,BATRA,Broadcasting,64.75
676,NASDAQ,n/a,Finance,MIIIU,Business Services,57.27
677,NASDAQ,$1.04B,Energy,HOLI,Industrial Machinery/Components,29.25
678,NYSE,n/a,n/a,SLRA,n/a,76.56
679,NASDAQ,$173.85M,Finance,SBCP,Savings Institutions,4.19
680,NYSE,$268.02M,n/a,VTN,n/a,30.35
681,NYSE,n/a,n/a,TMKC,n/a,11.75
682,NASDAQ,$21.07M,Miscellaneous,SGRP,Business Services,42.43
683,NYSE,$165.71M,n/a,CXE,n/a,93.1
684,NYSE,n/a,n/a,GEF.B,n/a,65.66
685,NASDAQ,$184.11M,Health Care,IMDZ,Major Pharmaceuticals,13.92
686,NYSE,n/a,n/a,BANCE,n/a,49.39
687,NYSE,$2.17B,Basic Industries,GCP,Major Chemicals,7.99
688,NASDAQ,$197.85M,Health Care,CLSD,Major Pharmaceuticals,12.29
689,NASDAQ,$320.72M,Consumer Non-Durables,BREW,Beverages (Production/Distribution),22.47
690,NASDAQ,$1.16B,Consumer Services,PNK,Hotels/Resorts,51.01
691,NYSE,$86.69M,Consumer Services,DVD,Services-Misc. Amusement & Recreation,42.17
692,NASDAQ,$1.25B,Basic Industries,CENX,Aluminum,36.63
693,NYSE,$822.77M,n/a,VVR,n/a,51.69
694,NASDAQ,$480.47M,Consumer Services,VSEC,Military/Government/Technical,95.53
695,NASDAQ,$91.02B,Consumer Services,CHTR,Television Services,98.87
696,NASDAQ,$12.16M,Technology,SGOC,Radio And Television Broadcasting And Communications Equipment,23.47
697,NASDAQ,$18.63B,Technology,MCHP,Semiconductors,35.57
698,NASDAQ,$1.2B,Health Care,LHCG,Medical/Nursing Services,50.5
699,NYSE,$2.05B,Energy,HEP,Natural Gas Distribution,8.11
700,NASDAQ,$1.05B,Finance,IPCC,Property-Casualty Insurers,20.98
701,NASDAQ,$68.47M,Capital Goods,BWEN,Metal Fabrications,25.25
702,NASDAQ,n/a,Consumer Services,WHLRW,Real Estate Investment Trusts,74.24
703,NYSE,$32.89B,Energy,PHG,Consumer Electronics/Appliances,97.29
704,NYSE,$326.9M,n/a,MYC,n/a,54.92
705,NASDAQ,$184.11M,Health Care,IMDZ,Major Pharmaceuticals,81.75
706,NASDAQ,$74.57M,Health Care,LPCN,Major Pharmaceuticals,8.95
707,NASDAQ,$63.93M,Technology,TACT,Computer peripheral equipment,6.95
708,NYSE,$1.68B,Basic Industries,CRS,Steel/Iron Ore,6.15
709,NYSE,$492.78M,Consumer Services,BKS,Other Specialty Stores,30.98
710,NYSE,$3.87B,Capital Goods,EME,Engineering & Construction,22.92
711,NYSE,$25.18B,Consumer Services,EQR,Real Estate Investment Trusts,84.71
712,NYSE,n/a,n/a,JCO,n/a,11.95
713,NYSE,$847.46M,Technology,PRO,EDP Services,23.53
714,NYSE,$222.61M,Energy,SDRL,Oil & Gas Production,58.66
715,NYSE,$828.75M,Transportation,AVH,Air Freight/Delivery Services,80.85
716,NYSE,$10.32B,Transportation,ZTO,Trucking Freight/Courier Services,33.21
717,NASDAQ,$11.63B,Miscellaneous,MELI,Business Services,29.05
718,NASDAQ,$25.45M,Health Care,OCRX,Major Pharmaceuticals,92.41
719,NASDAQ,$198.29M,Finance,TVIX,Investment Bankers/Brokers/Service,87.44
720,NASDAQ,$13.15M,Finance,TIL,Property-Casualty Insurers,22.23
721,NASDAQ,$361.05M,Health Care,ARAY,Medical/Dental Instruments,5.34
722,NASDAQ,$7.54B,n/a,BNDX,n/a,48.11
723,NASDAQ,$687.82M,Consumer Services,IMKTA,Food Chains,44.4
724,NASDAQ,$183.15M,n/a,PLW,n/a,67.71
725,NASDAQ,$424.11M,Health Care,ADUS,Medical/Nursing Services,61.64
726,NYSE,$392.94M,n/a,AFB,n/a,32.12
727,NYSE,$1.26B,Finance,FCF,Major Banks,98.54
728,NYSE,$37.72B,Public Utilities,BT,Telecommunications Equipment,63.26
729,NASDAQ,n/a,Transportation,HUNTW,Oil Refining/Marketing,78.33
730,NASDAQ,$1.57B,Basic Industries,WDFC,Major Chemicals,14.5
731,NYSE,$178.04M,Capital Goods,CRR,Industrial Machinery/Components,60.05
732,NYSE,$678.58M,Finance,RESI,Real Estate,24.65
733,NASDAQ,n/a,n/a,MOGLC,n/a,51.16
734,NYSE,n/a,n/a,WFCN,n/a,77.24
735,NYSE,$5.43B,Public Utilities,ENIC,Electric Utilities: Central,5.96
736,NASDAQ,$95.91M,Health Care,VRML,Biotechnology: In Vitro & In Vivo Diagnostic Substances,85.16
737,NYSE,$173.59M,n/a,PFD,n/a,29.96
738,NYSE,$45.18M,n/a,MFV,n/a,56.9
739,NASDAQ,$61.61M,Technology,RCMT,Professional Services,70.45
740,NYSE,$246.04M,n/a,NXQ,n/a,29.43
741,NYSE,$8.63B,Public Utilities,TRGP,Natural Gas Distribution,2.93
742,NASDAQ,$15.84M,Capital Goods,CPSH,Building Materials,2.33
743,NYSE,$23.11B,Capital Goods,APH,Electrical Products,44.39
744,NYSE,$638.92M,n/a,BFK,n/a,75.56
745,NASDAQ,$57.73M,Technology,RESN,Semiconductors,81.88
746,NYSE,$449.92M,Energy,PGH,Oil & Gas Production,30.24
747,NASDAQ,$233.93M,Technology,PCYG,EDP Services,55.81
748,NASDAQ,$3.98B,Finance,BPOP,Major Banks,47.3
749,NYSE,$686.2M,Consumer Non-Durables,BETR,Packaged Foods,38.79
750,NASDAQ,$1.48B,Consumer Services,BMCH,RETAIL: Building Materials,97.87
751,NASDAQ,$353.91M,Finance,BSF,Major Banks,5.57
752,NASDAQ,n/a,Consumer Services,NYMTO,Real Estate Investment Trusts,5.14
753,NASDAQ,n/a,Finance,AXARU,Business Services,86.56
754,NYSE,$6.03B,Consumer Services,DEI,Real Estate Investment Trusts,39.02
755,NASDAQ,$267.73M,Energy,LLEX,Oil & Gas Production,9.02
756,NYSE,$9.3B,Public Utilities,WGP,Natural Gas Distribution,23.48
757,NASDAQ,$96.09M,Health Care,PTI,Major Pharmaceuticals,98.44
758,NYSE,$875.62M,Health Care,BHVN,Major Pharmaceuticals,96.76
759,NASDAQ,$3.23B,Health Care,INCR,Biotechnology: Commercial Physical & Biological Resarch,1.31
760,NYSE,$68.41B,Capital Goods,TMO,Industrial Machinery/Components,98.34
761,NYSE,n/a,n/a,CMOE,n/a,56.08
762,NYSE,$3.87B,Capital Goods,EME,Engineering & Construction,71.07
763,NYSE,$2.87B,Consumer Services,UNF,Other Consumer Services,41.52
764,NYSE,$194.94M,Public Utilities,GNE,Power Generation,77.33
765,NYSE,$35.76B,Finance,AON,Specialty Insurers,81.37
766,NASDAQ,$10.19B,Finance,ETFC,Savings Institutions,41.41
767,NASDAQ,$2.36B,Finance,NGHC,Property-Casualty Insurers,75.15
768,NYSE,$6.88B,Consumer Non-Durables,GIL,Apparel,77.56
769,NYSE,$1.06B,n/a,CEM,n/a,59.1
770,NYSE,$5.04B,Energy,PSXP,Natural Gas Distribution,46.82
771,NYSE,$35.61B,Public Utilities,AEP,Electric Utilities: Central,58.08
772,NASDAQ,n/a,n/a,BOTZ,n/a,20.98
773,NASDAQ,$2.54B,Technology,VRNT,EDP Services,38.14
774,NASDAQ,$1.51B,Consumer Durables,CENTA,Consumer Specialties,41.66
775,NASDAQ,$3.6B,Consumer Services,SBGI,Broadcasting,83.41
776,NASDAQ,$142.79M,Finance,EVBS,Major Banks,70.29
777,NASDAQ,$6.59B,Health Care,DXCM,Medical/Dental Instruments,98.6
778,NYSE,$87.34B,Finance,LFC,Life Insurance,52.9
779,NASDAQ,$377.45M,Health Care,ASMB,Major Pharmaceuticals,41.4
780,NYSE,$1.15B,Basic Industries,HBM,Precious Metals,59.75
781,NASDAQ,$888.48M,Consumer Services,MTGE,Real Estate Investment Trusts,43.09
782,NASDAQ,$1.87B,Technology,DSGX,Computer Software: Prepackaged Software,98.82
783,NYSE,$4.61B,Consumer Non-Durables,THS,Packaged Foods,7.79
784,NYSE,$461.95M,n/a,BFZ,n/a,41.98
785,NYSE,$882.08M,Finance,UVE,Property-Casualty Insurers,61.83
786,NYSE,n/a,n/a,CRD.A,n/a,36.07
787,NASDAQ,$33.92M,Consumer Durables,EGT,Miscellaneous manufacturing industries,86.2
788,NYSE,n/a,n/a,NMG,n/a,59.49
789,NASDAQ,$383.03M,Health Care,DVAX,Major Pharmaceuticals,42.5
790,NASDAQ,$498.3M,Energy,PLUG,Industrial Machinery/Components,90.71
791,NYSE,$3.9B,Technology,AUO,Semiconductors,38.33
792,NYSE,$308.22M,n/a,EVN,n/a,4.16
793,NYSE,$1.39B,Energy,CVRR,Integrated oil Companies,47.22
794,NYSE,$3.79B,Finance,ARES,Investment Managers,75.84
795,NYSE,n/a,n/a,MSE,n/a,37.37
796,NASDAQ,n/a,Public Utilities,SPKEP,Power Generation,88.15
797,NYSE,n/a,n/a,BRK.A,n/a,17.98
798,NYSE,$4.89B,Basic Industries,OLN,Major Chemicals,11.89
799,NASDAQ,$14.15M,Technology,MOSY,Semiconductors,74.89
800,NYSE,$141.43M,Consumer Non-Durables,ANFI,Packaged Foods,23.27
801,NASDAQ,$104.02M,Health Care,IRIX,Biotechnology: Electromedical & Electrotherapeutic Apparatus,94.99
802,NYSE,$1.21B,n/a,PTY,n/a,20.67
803,NASDAQ,$2.61M,n/a,FITS,n/a,52.46
804,NASDAQ,$251.09M,Technology,INSE,Computer Software: Prepackaged Software,69.75
805,NYSE,$394.2M,Consumer Services,ACRE,Real Estate Investment Trusts,84.33
806,NYSE,$35.34B,Public Utilities,PCG,Power Generation,84.53
807,NYSE,$2.85B,Consumer Services,BYD,Hotels/Resorts,76.04
808,NASDAQ,$1.5B,Consumer Services,MNRO,Automotive Aftermarket,59.52
809,NYSE,$39.27B,Finance,COF,Major Banks,62.42
810,NASDAQ,$2B,Finance,UCBI,Major Banks,81.5
811,NYSE,n/a,n/a,VNOG,n/a,9.95
812,NYSE,$40.22M,n/a,BQH,n/a,59.12
813,NASDAQ,$22.64M,n/a,VALX,n/a,65.89
814,NASDAQ,n/a,n/a,EDBI,n/a,19.82
815,NASDAQ,$54.39M,Health Care,EIGR,Biotechnology: Biological Products (No Diagnostic Substances),44.7
816,NYSE,$403.94M,Technology,CAI,Diversified Commercial Services,75.93
817,NYSE,$120.61M,Consumer Services,AHC,Newspapers/Magazines,56.39
818,NYSE,n/a,n/a,PEIC,n/a,60.66
819,NASDAQ,$1.81B,n/a,BL,n/a,15.5
820,NASDAQ,$38.96M,n/a,QAT,n/a,17.73
821,NASDAQ,$889.24M,n/a,SKYY,n/a,27.95
822,NASDAQ,$3.31B,Health Care,ACAD,Major Pharmaceuticals,83.96
823,NASDAQ,$328.94M,Consumer Services,CHSCO,Farming/Seeds/Milling,14.51
824,NASDAQ,n/a,Finance,MPACU,Business Services,59.65
825,NYSE,n/a,n/a,TNPB,n/a,7.45
826,NYSE,$191.21B,Health Care,NVS,Major Pharmaceuticals,15.21
827,NASDAQ,n/a,Finance,LMFAW,Finance: Consumer Services,9.86
828,NASDAQ,$103.8M,Finance,FCAP,Savings Institutions,9.29
829,NYSE,$3.46B,Consumer Durables,DLX,Publishing,90.84
830,NYSE,$461.95M,n/a,BFZ,n/a,15.23
831,NYSE,$378.24M,n/a,AVK,n/a,38.54
832,NYSE,$14.44B,Consumer Durables,WRK,Containers/Packaging,40.67
833,NYSE,$9.44B,Finance,ROL,Diversified Commercial Services,11.73
834,NYSE,$6.19B,Capital Goods,DCI,Pollution Control Equipment,63.37
835,NYSE,$441.95M,Finance,XRF,Finance: Consumer Services,36.02
836,NASDAQ,$169.12M,Consumer Non-Durables,VOXX,Electronic Components,97.62
837,NYSE,n/a,Consumer Services,MFO,Real Estate Investment Trusts,62.63
838,NASDAQ,$769.94M,Basic Industries,MERC,Paper,99.92
839,NASDAQ,$207.39M,Capital Goods,GEOS,Industrial Machinery/Components,67.08
840,NASDAQ,$48.4M,Health Care,XOMA,Major Pharmaceuticals,95.46
841,NYSE,$3.77B,Finance,THG,Property-Casualty Insurers,68.85
842,NASDAQ,$17.3B,Technology,SYMC,Computer Software: Prepackaged Software,32.01
843,NASDAQ,$28.82M,Health Care,SNOA,Major Pharmaceuticals,39.26
844,NASDAQ,$40.45M,Technology,LTRX,Computer Communications Equipment,24.45
845,NYSE,$10.45B,Consumer Services,REG,Real Estate Investment Trusts,68.72
846,NYSE,$1.56B,Finance,WDR,Investment Bankers/Brokers/Service,99.85
847,NASDAQ,$8.39B,Miscellaneous,CSGP,Business Services,10.12
848,NASDAQ,$2.89B,Consumer Services,PZZA,Restaurants,61.85
849,NASDAQ,$2.25B,Energy,XOG,Oil & Gas Production,24.33
850,NYSE,$1.39B,Miscellaneous,ATKR,Industrial Machinery/Components,18.99
851,NASDAQ,$101.28M,Finance,SNFCA,Finance: Consumer Services,93.67
852,NYSE,$320.35M,n/a,BKK,n/a,98.63
853,NYSE,$2.47B,Consumer Services,STAG,Real Estate Investment Trusts,69.96
854,NYSE,$1.95B,Energy,ERF,Oil & Gas Production,56.77
855,NYSE,$520.17M,n/a,MYN,n/a,13.68
856,NASDAQ,$1.87B,Technology,DSGX,Computer Software: Prepackaged Software,56.93
857,NASDAQ,$38.18M,Technology,QRHC,Diversified Commercial Services,89.26
858,NYSE,$5.09B,Public Utilities,NFG,Oil/Gas Transmission,30.38
859,NYSE,$710.31M,n/a,VKQ,n/a,51.54
860,NYSE,$9.71B,Capital Goods,ALV,Auto Parts:O.E.M.,6.18
861,NASDAQ,$1.62B,Consumer Services,ISCA,Services-Misc. Amusement & Recreation,25.69
862,NYSE,n/a,n/a,MNRC,n/a,12.34
863,NYSE,$5.65B,Capital Goods,ALSN,Auto Parts:O.E.M.,73.96
864,NYSE,n/a,n/a,DDRA,n/a,88.81
865,NASDAQ,$741.96M,n/a,PFBC,n/a,6.08
866,NASDAQ,$142.84M,Health Care,TRVN,Major Pharmaceuticals,88.32
867,NYSE,$289.1M,n/a,PHT,n/a,6.32
868,NASDAQ,$34.58M,Health Care,EBIO,Major Pharmaceuticals,17.09
869,NASDAQ,$1.31B,Health Care,INVA,Major Pharmaceuticals,59.13
870,NYSE,$2.79B,Consumer Non-Durables,WCC,Telecommunications Equipment,81.6
871,NASDAQ,$219.92M,Capital Goods,HURC,Industrial Machinery/Components,61.87
872,NASDAQ,$705.83M,Finance,BMTC,Major Banks,58.71
873,NASDAQ,$1.64B,Technology,AMBA,Semiconductors,26.99
874,NASDAQ,$19.24M,Basic Industries,DELT,Major Chemicals,57.99
875,NYSE,n/a,n/a,BANCC,n/a,55.58
876,NYSE,$594.95M,n/a,MUC,n/a,16.42
877,NYSE,$1.87B,Consumer Services,NSR,Telecommunications Equipment,72.69
878,NASDAQ,$679.83M,n/a,HEES,n/a,40.55
879,NASDAQ,$474.2M,Finance,PUB,Major Banks,73.82
880,NASDAQ,$652.54M,Capital Goods,OFLX,Industrial Specialties,49.36
881,NYSE,$11.22B,Basic Industries,GG,Precious Metals,52.18
882,NASDAQ,$42.49M,Health Care,OREX,Major Pharmaceuticals,24.51
883,NYSE,$15.47B,Consumer Services,O,Real Estate Investment Trusts,13.74
884,NASDAQ,$754.28M,Health Care,ESPR,Major Pharmaceuticals,49.76
885,NASDAQ,$94.54M,Consumer Non-Durables,CHKE,Apparel,31.46
886,NYSE,$581.32M,n/a,PPT,n/a,72.67
887,NASDAQ,$171.78M,Finance,NWFL,Major Banks,42.55
888,NYSE,$96.24B,Finance,SAN,Commercial Banks,67.07
889,NYSE,$16.52B,Basic Industries,FCX,Precious Metals,89.97
890,NASDAQ,n/a,Consumer Services,WHLRW,Real Estate Investment Trusts,79.31
891,NYSE,n/a,n/a,KYNF,n/a,65.18
892,NASDAQ,$882.65M,Consumer Services,ICFI,Professional Services,91.12
893,NYSE,$1.4B,Consumer Services,DSW,Clothing/Shoe/Accessory Stores,72.43
894,NYSE,n/a,n/a,AFSIE,n/a,18.56
895,NYSE,$39.13B,Finance,BX,Investment Managers,78.37
896,NYSE,$548.61M,n/a,LEO,n/a,98.22
897,NASDAQ,n/a,Consumer Services,FWONA,Broadcasting,24.94
898,NASDAQ,$200.65M,n/a,PIZ,n/a,23.02
899,NYSE,$1.27B,Energy,EEQ,Oil & Gas Production,66.58
900,NASDAQ,$48.31M,n/a,FTHI,n/a,13.58
901,NYSE,$8.52B,Consumer Non-Durables,INGR,Packaged Foods,90.02
902,NASDAQ,$21.32M,n/a,ADRA,n/a,13.28
903,NASDAQ,$568.32M,Technology,ICHR,Semiconductors,30.61
904,NASDAQ,$49.22M,Capital Goods,EKSO,Industrial Machinery/Components,70.08
905,NYSE,$212.45M,n/a,GGT,n/a,48.32
906,NASDAQ,$234.15M,Finance,FNTE,Business Services,84.5
907,NYSE,$332.73M,Basic Industries,RYI,Metal Fabrications,75.73
908,NYSE,n/a,n/a,DLRH,n/a,80.16
909,NASDAQ,$1.01B,Consumer Services,ANDE,Farming/Seeds/Milling,40.87
910,NYSE,n/a,Public Utilities,NMKC,Power Generation,54.13
911,NYSE,$81.78B,Miscellaneous,ACN,Business Services,5.64
912,NASDAQ,$3.34B,Health Care,ICUI,Medical/Dental Instruments,13.0
913,NASDAQ,$44.61M,Finance,DTYS,Commercial Banks,32.94
914,NASDAQ,$166.11M,Consumer Non-Durables,DTEA,Food Chains,50.85
915,NASDAQ,n/a,Health Care,NUROW,Medical/Dental Instruments,51.17
916,NASDAQ,$3.02B,Finance,WAFD,Major Banks,12.91
917,NASDAQ,$47.06M,n/a,POLA,n/a,10.41
918,NYSE,n/a,Energy,GEK,Consumer Electronics/Appliances,54.92
919,NASDAQ,$41.23M,Consumer Non-Durables,BUR,Packaged Foods,6.4
920,NASDAQ,$172.9M,Technology,ASUR,EDP Services,93.92
921,NYSE,$13.26B,Capital Goods,HRS,Industrial Machinery/Components,82.57
922,NYSE,$637.42M,Energy,GLP,Oil Refining/Marketing,55.94
923,NASDAQ,n/a,n/a,WHFBL,n/a,31.7
924,NASDAQ,$73.17M,Technology,KTCC,Computer peripheral equipment,53.02
925,NASDAQ,$47.36M,Finance,BCTF,Savings Institutions,71.7
926,NYSE,n/a,n/a,BMLH,n/a,52.93
927,NASDAQ,$676.91M,Consumer Services,SP,Rental/Leasing Companies,38.5
928,NASDAQ,$47.65M,Finance,WAYN,Savings Institutions,10.03
929,NASDAQ,$47.65M,Finance,WAYN,Savings Institutions,76.88
930,NYSE,n/a,n/a,CLNSC,n/a,17.95
931,NYSE,$172.36M,n/a,NIQ,n/a,40.46
932,NASDAQ,$656.65M,Miscellaneous,RPXC,Multi-Sector Companies,64.06
933,NYSE,$13.07B,Public Utilities,UGP,Oil/Gas Transmission,31.1
934,NYSE,$175.03B,Health Care,UNH,Medical Specialities,69.25
935,NYSE,$3.72B,Consumer Durables,OI,Containers/Packaging,17.64
936,NYSE,n/a,n/a,JW.B,n/a,27.05
937,NASDAQ,$361.9M,n/a,TICC,n/a,75.85
938,NASDAQ,$198.09M,Health Care,ABUS,Major Pharmaceuticals,80.24
939,NASDAQ,$208.13M,Finance,HALL,Property-Casualty Insurers,40.58
940,NASDAQ,$8.57B,n/a,VXUS,n/a,96.13
941,NYSE,$103.46M,n/a,FGB,n/a,21.09
942,NYSE,$8.86B,Miscellaneous,BR,Business Services,12.44
943,NYSE,$5.37B,Energy,BC,Industrial Machinery/Components,82.08
944,NYSE,n/a,n/a,TAP.A,n/a,32.03
945,NYSE,$1.62B,Consumer Services,DDS,Department/Specialty Retail Stores,46.58
946,NYSE,n/a,n/a,AIY,n/a,38.81
947,NYSE,$177.98M,Technology,SPA,Electrical Products,3.96
948,NYSE,$1.44B,Transportation,VLRS,Air Freight/Delivery Services,41.57
949,NYSE,$328.51M,n/a,JRS,n/a,67.61
950,NASDAQ,$15.84M,Capital Goods,CPSH,Building Materials,61.94
951,NYSE,$258.12M,n/a,PIM,n/a,18.83
952,NYSE,$2.47B,Technology,BOX,Computer Software: Prepackaged Software,58.37
953,NYSE,$2.43B,Technology,TWLO,Computer Software: Prepackaged Software,69.67
954,NYSE,$12.79B,Energy,NOV,Metal Fabrications,33.24
955,NYSE,$2.34B,Finance,GWB,Major Banks,4.13
956,NYSE,$1.6B,Consumer Durables,USNA,Specialty Chemicals,54.41
957,NYSE,$234.72M,n/a,JCE,n/a,80.53
958,NYSE,$710.19M,Transportation,CMRE,Marine Transportation,65.25
959,NYSE,$177.98M,Technology,SPA,Electrical Products,43.43
960,NYSE,$364.19M,Energy,MPO,Oil & Gas Production,92.83
961,NYSE,$13.86B,Consumer Services,HST,Real Estate Investment Trusts,5.97
962,NYSE,$61.14B,Capital Goods,GD,Marine Transportation,80.08
963,NASDAQ,$119.14M,Finance,ACFC,Savings Institutions,65.68
964,NASDAQ,$147.96M,Finance,DNBF,Major Banks,3.47
965,NYSE,$1.35B,Capital Goods,GBX,Railroads,43.77
966,NASDAQ,$215.57M,Finance,SHBI,Major Banks,94.78
967,NASDAQ,$73.95M,Health Care,GTXI,Major Pharmaceuticals,54.1
968,NASDAQ,$5.8B,Technology,SATS,Radio And Television Broadcasting And Communications Equipment,5.47
969,NASDAQ,$28.82M,Health Care,SNOA,Major Pharmaceuticals,40.45
970,NYSE,n/a,n/a,TNPE,n/a,61.17
971,NYSE,$354.29M,n/a,PMF,n/a,18.17
972,NYSE,n/a,n/a,AFSIC,n/a,57.82
973,NASDAQ,$3.25M,Finance,STPP,Commercial Banks,28.23
974,NYSE,$5.53B,Finance,AXS,Property-Casualty Insurers,72.34
975,NASDAQ,$386.6M,Finance,PICO,Real Estate,94.84
976,NASDAQ,$556.53M,Health Care,CARA,Major Pharmaceuticals,7.25
977,NYSE,$1.06B,Public Utilities,DYN,Electric Utilities: Central,61.0
978,NASDAQ,$67.86M,Finance,WYIGU,Business Services,79.33
979,NYSE,$9.3B,Finance,AMG,Investment Managers,48.42
980,NASDAQ,$150.62M,Health Care,SRNE,Biotechnology: Commercial Physical & Biological Resarch,78.18
981,NASDAQ,n/a,n/a,GAINO,n/a,6.29
982,NYSE,$184.47M,n/a,FT,n/a,22.68
983,NASDAQ,$4.42B,Technology,MDSO,Computer Software: Prepackaged Software,76.16
984,NASDAQ,$104.11M,Consumer Services,CLUB,Hotels/Resorts,80.44
985,NASDAQ,n/a,Miscellaneous,QPACU,Business Services,1.51
986,NASDAQ,$22.92M,Technology,TISA,Computer peripheral equipment,64.01
987,NYSE,$1.01B,Consumer Services,RPT,Real Estate Investment Trusts,68.77
988,NASDAQ,$5.02B,Consumer Durables,POOL,Industrial Specialties,30.36
989,NYSE,$1.37B,n/a,TY,n/a,17.66
990,NASDAQ,$3.09M,n/a,SRET,n/a,21.63
991,NYSE,$61.14B,Capital Goods,GD,Marine Transportation,73.26
992,NASDAQ,$14.07M,Consumer Services,CMLS,Broadcasting,31.37
993,NASDAQ,$31.03M,n/a,RFEM,n/a,29.75
994,NYSE,$176.43B,Finance,HSBC,Savings Institutions,81.23
995,NYSE,$162.03M,n/a,BBK,n/a,31.26
996,NYSE,$3.52B,Basic Industries,X,Steel/Iron Ore,96.64
997,NASDAQ,n/a,n/a,FINQ,n/a,64.33
998,NASDAQ,$931.89M,Capital Goods,KTOS,Military/Government/Technical,61.44
999,NYSE,$2.01B,Miscellaneous,DBD,Office Equipment/Supplies/Services,15.22
1000,NYSE,$10.77B,Consumer Services,BIP,Marine Transportation,26.39
